Checking for deprecated package usage... OK
Checking for remote package usage... OK
Checking for 'LazyData: true' usage... OK
Checking version number... OK
Checking for version number mismatch... OK
Checking version number validity... OK
Checking R version dependency... OK
Checking package size... OK
Checking individual file sizes... OK
Checking biocViews... OK
Checking that biocViews are present... OK
Checking package type based on biocViews... OK
Checking for non-trivial biocViews... OK
Checking that biocViews come from the same category... OK
Checking biocViews validity... OK
Checking for recommended biocViews... OK
Checking build system compatibility... OK
Checking if 'Package:' field matches directory / tarball... OK
Checking for Version: field... OK
Checking DESCRIPTION readability... OK
Checking validity of DESCRIPTION fields... OK
Checking License: for restrictive use... OK
Checking for recommended DESCRIPTION fields... OK
Checking for whitespace in DESCRIPTION field names... OK
Checking for proper Description: field... OK
Checking for Bioconductor software dependencies... OK
Checking for pinned package versions in DESCRIPTION... OK
Checking for 'fnd' role in Authors@R... OK
Checking CITATION... OK
Checking NAMESPACE... OK
Checking .Rbuildignore... OK
Checking for stray BiocCheck output folders... OK
Checking vignette directory... OK
Checking package installation calls in R code... OK
Checking for library/require of Tweedieverse... OK
Checking coding practice... OK
Checking parsed R code in R directory, examples, vignettes... OK
Checking function lengths...
The recommended function length is 50 lines or less. There are 16 functions greater than 50 lines.
The longest 5 functions are:
.Tweedieverse_single() (R/Tweedieverse.R): 905 lines
fit.CPLM() (R/fit_CPLM.R): 400 lines
association_plots() (R/viz.R): 261 lines
Tweedieverse_heatmap() (R/viz.R): 182 lines
Tweedieverse() (R/Tweedieverse.R): 135 lines
Checking man page documentation... OK
Checking package NEWS... OK
Checking unit tests... OK
Checking skip_on_bioc() in tests... OK
Checking formatting of DESCRIPTION, NAMESPACE, man pages, R source, and vignette source...
Consider shorter lines; 201 lines (5%) are > 80 characters long.
First few lines:
R/Tweedieverse.R#L8 #' \code{SummarizedExperiment} for \code ...
R/Tweedieverse.R#L11 #' \code{Tweedieverse()} iterates over e ...
R/Tweedieverse.R#L13 #' This matrix should have one row for e ...
R/Tweedieverse.R#L18 #' @param input_metadata Optional R data ...
R/Tweedieverse.R#L19 #' matching sample names with \code{inpu ...
R/Tweedieverse.R#L22 #' @param assay_name If the input is pro ...
R/Tweedieverse.R#L23 #' this argument selects the name of the ...
R/Tweedieverse.R#L24 #' For \code{MultiAssayExperiment} input ...
R/Tweedieverse.R#L25 #' used for every omics layer, or as a n ...
R/Tweedieverse.R#L26 #' @param abd_threshold If prevalence-ab ...
R/Tweedieverse.R#L27 #' in at least \code{prev_threshold} per ...
R/Tweedieverse.R#L30 #' @param prev_threshold If prevalence-a ...
R/Tweedieverse.R#L31 #' in at least \code{prev_threshold} per ...
R/Tweedieverse.R#L33 #' @param var_threshold If variance filt ...
R/Tweedieverse.R#L34 #' \code{var_threshold} are retained. Th ...
R/Tweedieverse.R#L35 #' Default value for \code{var_threshold ...
R/Tweedieverse.R#L36 #' @param entropy_threshold If entropy-b ...
R/Tweedieverse.R#L37 #' \code{entropy_threshold} are retained ...
R/Tweedieverse.R#L39 #' @param link A specification of the GL ...
R/Tweedieverse.R#L40 #' @param tweedie_p Numeric Tweedie vari ...
R/Tweedieverse.R#L41 #' Tweedie index in the usual \code{1 <  ...
R/Tweedieverse.R#L42 #' If \code{tweedie_p} is \code{NULL} or ...
R/Tweedieverse.R#L43 #' to \code{0}, the Gaussian case. Value ...
R/Tweedieverse.R#L44 #' pin the model to that fixed index. Ne ...
R/Tweedieverse.R#L46 #' Random-effect models support fixed \c ...
R/Tweedieverse.R#L47 #' @param p0_transform Transformation to ...
R/Tweedieverse.R#L48 #' resolved Tweedie index is \code{0}. T ...
R/Tweedieverse.R#L49 #' \code{"NONE"}, \code{"CLR"}, \code{"R ...
R/Tweedieverse.R#L50 #' The transformed copy is used for the  ...
R/Tweedieverse.R#L51 #' \code{transformed_features.tsv} when  ...
R/Tweedieverse.R#L52 #' @param p0_transform_pseudocount Numer ...
R/Tweedieverse.R#L54 #' @param fixed_effects Metadata variabl ...
R/Tweedieverse.R#L55 #' @param random_effects Metadata variab ...
R/Tweedieverse.R#L56 #' @param domain Domain used to choose t ...
R/Tweedieverse.R#L57 #' \code{"microbiome"}, \code{"single_ce ...
R/Tweedieverse.R#L59 #' @param normalization Size-factor stra ...
R/Tweedieverse.R#L60 #' table is never normalized or transfor ...
R/Tweedieverse.R#L66 #' @param adjust_offset If TRUE (default ...
R/Tweedieverse.R#L67 #' size factor estimated by \code{normal ...
R/Tweedieverse.R#L68 #' @param scale_factor Name of a numeric ...
R/Tweedieverse.R#L69 #' factors. When supplied, this override ...
R/Tweedieverse.R#L70 #' @param max_significance The q-value t ...
R/Tweedieverse.R#L71 #' @param correction The correction meth ...
R/Tweedieverse.R#L72 #' @param Maaslin2_run Logical. For \cod ...
R/Tweedieverse.R#L73 #' Tweedie GLM path. Set to FALSE to fit ...
R/Tweedieverse.R#L74 #' When the resolved Tweedie index is \c ...
R/Tweedieverse.R#L76 #' @param median_comparison If TRUE, coe ...
R/Tweedieverse.R#L77 #' @param median_subtraction If TRUE, co ...
R/Tweedieverse.R#L78 #' @param run_presence_absence_model If  ...
R/Tweedieverse.R#L79 #' alongside the selected abundance mode ...
R/Tweedieverse.R#L80 #' Retains individual abundance and pres ...
R/Tweedieverse.R#L82 #' @param method_args Optional named lis ...
R/Tweedieverse.R#L83 #' \code{method_args = list(Maaslin2 = l ...
R/Tweedieverse.R#L86 #' @param standardize Should continuous  ...
R/Tweedieverse.R#L87 #' @param cores An integer that indicate ...
R/Tweedieverse.R#L88 #' @param optimizer The optimization rou ...
R/Tweedieverse.R#L89 #' Possible choices are \code{"nlminb"}  ...
R/Tweedieverse.R#L90 #' \code{"bobyqa"} (\code{\link[minqa]{b ...
R/Tweedieverse.R#L91 #' Ignored for random effects modeling w ...
R/Tweedieverse.R#L92 #' @param na.action How to handle missin ...
R/Tweedieverse.R#L93 #' @param plot_heatmap Logical. If TRUE  ...
R/Tweedieverse.R#L94 #' @param plot_scatter Logical. If TRUE  ...
R/Tweedieverse.R#L95 #' @param heatmap_first_n In heatmap, pl ...
R/Tweedieverse.R#L96 #' @param reference The factor to use as ...
R/Tweedieverse.R#L99 #' @importFrom stats coef fitted as.form ...
R/Tweedieverse.R#L105 #' @return For single-omics input, a dat ...
R/Tweedieverse.R#L106 #' and q-values (multiplicity-adjusted p ...
R/Tweedieverse.R#L191         "input_features must be a suppor ...
R/Tweedieverse.R#L373         "Input data of class <%s> not su ...
R/Tweedieverse.R#L399       stop(sprintf("Unable to create out ...
R/Tweedieverse.R#L408       warning(sprintf("Deleting existing ...
R/Tweedieverse.R#L438   logging::logdebug("Tweedie variance po ...
R/Tweedieverse.R#L444   logging::logdebug("Normalization: %s", ...
R/Tweedieverse.R#L450   logging::logdebug("Run presence-absenc ...
R/Tweedieverse.R#L464     option_not_valid_error("Please selec ...
R/Tweedieverse.R#L477   if (p0_transform %in% c("ARCSIGNEDSQRT ...
R/Tweedieverse.R#L490     stop("p0_transform_pseudocount must  ...
R/Tweedieverse.R#L530       stop("Tweedie variance powers betw ...
R/Tweedieverse.R#L598             "Input format is data sample ...
R/Tweedieverse.R#L601         metadata <- utils::type.convert( ...
R/Tweedieverse.R#L608             "Input format is data sample ...
R/Tweedieverse.R#L610           metadata <- utils::type.conver ...
R/Tweedieverse.R#L614             "Unable to find samples in d ...
R/Tweedieverse.R#L638       "The following samples were found  ...
R/Tweedieverse.R#L647       "The following samples were found  ...
R/Tweedieverse.R#L675   # for each fixed effect, check that a  ...
R/Tweedieverse.R#L684         "Factor detected for categorial  ...
R/Tweedieverse.R#L697     # if metadata has 2 levels, allow bu ...
R/Tweedieverse.R#L707           "Please provide the reference  ...
R/Tweedieverse.R#L713       stop("Provided categorical metadat ...
R/Tweedieverse.R#L732     "Min samples required with min abund ...
R/Tweedieverse.R#L780       "p = 0 is the only Tweedie index w ...
R/Tweedieverse.R#L787       "Set tweedie_p = 0, leave tweedie_ ...
R/Tweedieverse.R#L794       "The model will run at the supplie ...
R/Tweedieverse.R#L802       "setting link = 'identity' because ...
R/Tweedieverse.R#L809       "tweedie_p = 0 with identity link  ...
R/Tweedieverse.R#L829     logging::loginfo("Offset size factor ...
R/Tweedieverse.R#L831     logging::loginfo("Offset adjustment  ...
R/Tweedieverse.R#L834   if (!is.null(scale_factor) && scale_fa ...
R/Tweedieverse.R#L844   temp_filtered_metadata <- unfiltered_m ...
R/Tweedieverse.R#L845   excluded_metadata <- setdiff(colnames( ...
R/Tweedieverse.R#L870         "Feature name not found in metad ...
R/Tweedieverse.R#L888         "Feature name not found in metad ...
R/Tweedieverse.R#L972       logging::loginfo("Using p = 0 tran ...
R/Tweedieverse.R#L974         transformed_features_file <- fil ...
R/Tweedieverse.R#L975         logging::loginfo("Writing p = 0  ...
R/Tweedieverse.R#L986     message("p0_transform is only applie ...
R/Tweedieverse.R#L1108     logging::loginfo("Writing all result ...
R/Tweedieverse.R#L1128     "Writing the significant results (th ...
R/Tweedieverse.R#L1176       "Writing association plots (one fo ...
R/fit_CPLM.R#L111     stop("With random_effects, fixed twe ...
R/fit_CPLM.R#L203                            stop("Unsuppo ...
R/fit_Tweedieverse.R#L24         as.formula(paste("expr ~ ", past ...
R/utilities.R#L60 # Adapted form: https://rstudio-pubs-sta ...
R/utilities.R#L200       "Use c(\"diagnosis\", \"antibiotic ...
R/utilities.R#L237         stop("RCLR transformation requir ...
R/utilities.R#L246       stop("LOG transformation requires  ...
R/utilities.R#L283         "For domain = %s, Bioconductor i ...
R/utilities.R#L347       "MultiAssayExperiment experiment o ...
R/utilities.R#L371       stop(sprintf("No value supplied fo ...
R/utilities.R#L384     stop(sprintf("No value supplied for  ...
R/utilities.R#L451       assay_name = resolve_multiomics_ar ...
R/utilities.R#L452       abd_threshold = resolve_multiomics ...
R/utilities.R#L453       prev_threshold = resolve_multiomic ...
R/utilities.R#L454       var_threshold = resolve_multiomics ...
R/utilities.R#L455       entropy_threshold = resolve_multio ...
R/utilities.R#L456       base_model = resolve_multiomics_ar ...
R/utilities.R#L458       tweedie_p = resolve_multiomics_arg ...
R/utilities.R#L459       p0_transform = resolve_multiomics_ ...
R/utilities.R#L460       p0_transform_pseudocount = resolve ...
R/utilities.R#L461       fixed_effects = resolve_multiomics ...
R/utilities.R#L462       random_effects = resolve_multiomic ...
R/utilities.R#L463       domain = resolve_multiomics_arg(do ...
R/utilities.R#L464       normalization = resolve_multiomics ...
R/utilities.R#L465       adjust_offset = resolve_multiomics ...
R/utilities.R#L466       scale_factor = resolve_multiomics_ ...
R/utilities.R#L467       max_significance = resolve_multiom ...
R/utilities.R#L468       correction = resolve_multiomics_ar ...
R/utilities.R#L469       Maaslin2_run = resolve_multiomics_ ...
R/utilities.R#L470       median_comparison = resolve_multio ...
R/utilities.R#L471       median_subtraction = resolve_multi ...
R/utilities.R#L472       run_presence_absence_model = resol ...
R/utilities.R#L473       method_args = resolve_multiomics_a ...
R/utilities.R#L474       standardize = resolve_multiomics_a ...
R/utilities.R#L476       optimizer = resolve_multiomics_arg ...
R/utilities.R#L478       plot_heatmap = resolve_multiomics_ ...
R/utilities.R#L479       plot_scatter = resolve_multiomics_ ...
R/utilities.R#L480       heatmap_first_n = resolve_multiomi ...
R/utilities.R#L481       reference = resolve_multiomics_arg ...
R/utilities.R#L515   all_choices <- c("TSS", "GMPR", "CSS", ...
R/utilities.R#L518       sprintf("normalization must be one ...
R/utilities.R#L532         "normalization = %s is not suppo ...
R/utilities.R#L543 validate_tweedieverse_size_factor <- fun ...
R/utilities.R#L549     stop(sprintf("%s must be strictly po ...
R/utilities.R#L568           "The specified scale_factor va ...
R/utilities.R#L573     return(validate_tweedieverse_size_fa ...
R/utilities.R#L585     stop("Features must contain only fin ...
R/utilities.R#L590       stop(sprintf("%s size factors requ ...
R/utilities.R#L607     stop(sprintf("%s size factors requir ...
R/utilities.R#L643     stop("RLE size factors could not be  ...
R/utilities.R#L680   threshold <- as.numeric(stats::quantil ...
R/utilities.R#L687     stop("edgeR is required for normaliz ...
R/utilities.R#L699     stop("scran and SingleCellExperiment ...
R/utilities.R#L710 #' Adjust Tweedieverse(or any other diff ...
R/utilities.R#L713 #' nature of microbiome count data (afte ...
R/utilities.R#L715 #' @param df A `data.frame` returned by  ...
R/utilities.R#L740 #'   \item performs a two-sided Z-test o ...
R/utilities.R#L819     #    sim_results has columns = draws ...
R/utilities.R#L833     #    offset_i = coefs[i] +/- ... dep ...
R/utilities.R#L1016     logging::loginfo("Creating cluster o ...
R/utilities.R#L1035   outputs <- pbapply::pblapply(seq_len(n ...
R/utilities.R#L1040       para <- as.data.frame(matrix(NA_re ...
R/utilities.R#L1060         p_col <- intersect(c("Pr(>|z|)", ...
R/utilities.R#L1062           para <- as.data.frame(summary_ ...
R/utilities.R#L1067           para <- as.data.frame(matrix(N ...
R/utilities.R#L1071         para <- as.data.frame(matrix(NA_ ...
R/utilities.R#L1076     colnames(para) <- c("coef", "stderr" ...
R/utilities.R#L1088   metadata_names_ordered <- metadata_nam ...
R/utilities.R#L1090     hit <- metadata_names_ordered[mapply ...
R/utilities.R#L1105   paras <- dplyr::select(paras, c("featu ...
R/utilities.R#L1143   pmat <- as.matrix(combined[, c("pval_a ...
R/utilities.R#L1145   combined$qval <- as.numeric(stats::p.a ...
R/viz.R#L27 # This script includes functions for vis ...
R/viz.R#L29 #  Visualization results are provided as ...
R/viz.R#L44     axis.title.x       = ggplot2::elemen ...
R/viz.R#L45     axis.title.x.top   = ggplot2::elemen ...
R/viz.R#L46     axis.title.y       = ggplot2::elemen ...
R/viz.R#L47     axis.title.y.right = ggplot2::elemen ...
R/viz.R#L48     axis.text.x        = ggplot2::elemen ...
R/viz.R#L49     axis.text.x.top    = ggplot2::elemen ...
R/viz.R#L50     axis.text.y        = ggplot2::elemen ...
R/viz.R#L51     axis.text.y.right  = ggplot2::elemen ...
R/viz.R#L66     strip.text.x       = ggplot2::elemen ...
R/viz.R#L67     strip.text.y       = ggplot2::elemen ...
R/viz.R#L286           display_numbers = matrix(ifels ...
R/viz.R#L433           logging::loginfo("Creating sca ...
R/viz.R#L450             ggplot2::scale_x_continuous( ...
R/viz.R#L451             ggplot2::scale_y_continuous( ...
R/viz.R#L576                                 basename ...
R/viz.R#L641       ggplot2::xlab("Tweedie index") + g ...
vignettes/Tweedieverse.Rmd#L5 package: "`r if (requireNamespace('Tweed ...
Consider multiples of 4 spaces for line indents; 1832 lines (48%) are not.
First few lines:
R/Tweedieverse.R#L150                          input_metadata  ...
R/Tweedieverse.R#L151                          output = NULL, ...
R/Tweedieverse.R#L152                          assay_name = "c ...
R/Tweedieverse.R#L153                          abd_threshold = ...
R/Tweedieverse.R#L154                          prev_threshold  ...
R/Tweedieverse.R#L155                          var_threshold = ...
R/Tweedieverse.R#L156                          entropy_thresho ...
R/Tweedieverse.R#L157                          base_model = "C ...
R/Tweedieverse.R#L158                          link = "log", ...
R/Tweedieverse.R#L159                          tweedie_p = NUL ...
R/Tweedieverse.R#L160                          p0_transform =  ...
R/Tweedieverse.R#L161                          p0_transform_ps ...
R/Tweedieverse.R#L162                          fixed_effects = ...
R/Tweedieverse.R#L163                          random_effects  ...
R/Tweedieverse.R#L164                          domain = "micro ...
R/Tweedieverse.R#L165                          normalization = ...
R/Tweedieverse.R#L166                          adjust_offset = ...
R/Tweedieverse.R#L167                          scale_factor =  ...
R/Tweedieverse.R#L168                          max_significanc ...
R/Tweedieverse.R#L169                          correction = "B ...
R/Tweedieverse.R#L170                          Maaslin2_run =  ...
R/Tweedieverse.R#L171                          median_comparis ...
R/Tweedieverse.R#L172                          median_subtract ...
R/Tweedieverse.R#L173                          run_presence_ab ...
R/Tweedieverse.R#L174                          method_args = N ...
R/Tweedieverse.R#L175                          method.args = N ...
R/Tweedieverse.R#L176                          standardize = T ...
R/Tweedieverse.R#L177                          cores = 1, ...
R/Tweedieverse.R#L178                          optimizer = "nl ...
R/Tweedieverse.R#L179                          na.action = na. ...
R/Tweedieverse.R#L180                          plot_heatmap =  ...
R/Tweedieverse.R#L181                          plot_scatter =  ...
R/Tweedieverse.R#L182                          heatmap_first_n ...
R/Tweedieverse.R#L183                          reference = NUL ...
R/Tweedieverse.R#L184   valid_input_classes <- c( ...
R/Tweedieverse.R#L187   ) ...
R/Tweedieverse.R#L188   if (!inherits(input_features, valid_in ...
R/Tweedieverse.R#L190       sprintf( ...
R/Tweedieverse.R#L193       ), ...
R/Tweedieverse.R#L194       call. = FALSE ...
R/Tweedieverse.R#L196   } ...
R/Tweedieverse.R#L197   if (is.character(input_metadata)) { ...
R/Tweedieverse.R#L199       "input_metadata file paths are not ...
R/Tweedieverse.R#L200       "Use colData(input_features), colD ...
R/Tweedieverse.R#L201       "or provide input_metadata as a da ...
R/Tweedieverse.R#L202       call. = FALSE ...
R/Tweedieverse.R#L204   } ...
R/Tweedieverse.R#L206   if (inherits(input_features, "MultiAss ...
R/Tweedieverse.R#L208       input_features = input_features, ...
R/Tweedieverse.R#L209       input_metadata = input_metadata, ...
R/Tweedieverse.R#L210       output = output, ...
R/Tweedieverse.R#L211       assay_name = assay_name, ...
R/Tweedieverse.R#L212       abd_threshold = abd_threshold, ...
R/Tweedieverse.R#L213       prev_threshold = prev_threshold, ...
R/Tweedieverse.R#L214       var_threshold = var_threshold, ...
R/Tweedieverse.R#L215       entropy_threshold = entropy_thresh ...
R/Tweedieverse.R#L216       base_model = base_model, ...
R/Tweedieverse.R#L217       link = link, ...
R/Tweedieverse.R#L218       tweedie_p = tweedie_p, ...
R/Tweedieverse.R#L219       p0_transform = p0_transform, ...
R/Tweedieverse.R#L220       p0_transform_pseudocount = p0_tran ...
R/Tweedieverse.R#L221       fixed_effects = fixed_effects, ...
R/Tweedieverse.R#L222       random_effects = random_effects, ...
R/Tweedieverse.R#L223       domain = domain, ...
R/Tweedieverse.R#L224       normalization = normalization, ...
R/Tweedieverse.R#L225       adjust_offset = adjust_offset, ...
R/Tweedieverse.R#L226       scale_factor = scale_factor, ...
R/Tweedieverse.R#L227       max_significance = max_significanc ...
R/Tweedieverse.R#L228       correction = correction, ...
R/Tweedieverse.R#L229       Maaslin2_run = Maaslin2_run, ...
R/Tweedieverse.R#L230       median_comparison = median_compari ...
R/Tweedieverse.R#L231       median_subtraction = median_subtra ...
R/Tweedieverse.R#L232       run_presence_absence_model = run_p ...
R/Tweedieverse.R#L233       method_args = method_args, ...
R/Tweedieverse.R#L234       method.args = method.args, ...
R/Tweedieverse.R#L235       standardize = standardize, ...
R/Tweedieverse.R#L236       cores = cores, ...
R/Tweedieverse.R#L237       optimizer = optimizer, ...
R/Tweedieverse.R#L238       na.action = na.action, ...
R/Tweedieverse.R#L239       plot_heatmap = plot_heatmap, ...
R/Tweedieverse.R#L240       plot_scatter = plot_scatter, ...
R/Tweedieverse.R#L241       heatmap_first_n = heatmap_first_n, ...
R/Tweedieverse.R#L242       reference = reference ...
R/Tweedieverse.R#L244   } ...
R/Tweedieverse.R#L246   .Tweedieverse_single( ...
R/Tweedieverse.R#L282   ) ...
R/Tweedieverse.R#L286                                  input_m ...
R/Tweedieverse.R#L287                                  output  ...
R/Tweedieverse.R#L288                                  assay_n ...
R/Tweedieverse.R#L289                                  abd_thr ...
R/Tweedieverse.R#L290                                  prev_th ...
R/Tweedieverse.R#L291                                  var_thr ...
R/Tweedieverse.R#L292                                  entropy ...
R/Tweedieverse.R#L293                                  base_mo ...
R/Tweedieverse.R#L294                                  link =  ...
R/Tweedieverse.R#L295                                  tweedie ...
R/Tweedieverse.R#L296                                  p0_tran ...
R/Tweedieverse.R#L297                                  p0_tran ...
R/Tweedieverse.R#L298                                  fixed_e ...
R/Tweedieverse.R#L299                                  random_ ...
R/Tweedieverse.R#L300                                  domain  ...
R/Tweedieverse.R#L301                                  normali ...
R/Tweedieverse.R#L302                                  adjust_ ...
R/Tweedieverse.R#L303                                  scale_f ...
R/Tweedieverse.R#L304                                  max_sig ...
R/Tweedieverse.R#L305                                  correct ...
R/Tweedieverse.R#L306                                  Maaslin ...
R/Tweedieverse.R#L307                                  median_ ...
R/Tweedieverse.R#L308                                  median_ ...
R/Tweedieverse.R#L309                                  run_pre ...
R/Tweedieverse.R#L310                                  method_ ...
R/Tweedieverse.R#L311                                  method. ...
R/Tweedieverse.R#L312                                  standar ...
R/Tweedieverse.R#L313                                  cores = ...
R/Tweedieverse.R#L314                                  optimiz ...
R/Tweedieverse.R#L315                                  na.acti ...
R/Tweedieverse.R#L316                                  plot_he ...
R/Tweedieverse.R#L317                                  plot_sc ...
R/Tweedieverse.R#L318                                  heatmap ...
R/Tweedieverse.R#L319                                  referen ...
R/Tweedieverse.R#L320    ...
R/Tweedieverse.R#L321    ...
R/Tweedieverse.R#L323   ################################# ...
R/Tweedieverse.R#L324   # Specify all available options # ...
R/Tweedieverse.R#L325   ################################# ...
R/Tweedieverse.R#L326    ...
R/Tweedieverse.R#L327   no_output <- is.null(output) ...
R/Tweedieverse.R#L328    ...
R/Tweedieverse.R#L329   model_choices <- c("CPLM") ...
R/Tweedieverse.R#L330   link_choices <- c("log", "identity", " ...
R/Tweedieverse.R#L331   p0_transform_choices <- c("NONE", "CLR ...
R/Tweedieverse.R#L332   domain_choices <- c("microbiome", "sin ...
R/Tweedieverse.R#L333   correction_choices <- ...
R/Tweedieverse.R#L335   optimizer_choices <- c("nlminb", "boby ...
R/Tweedieverse.R#L336    ...
R/Tweedieverse.R#L337   ###################################### ...
R/Tweedieverse.R#L338   #===================================== ...
R/Tweedieverse.R#L339   # Read in the data and metadata, creat ...
R/Tweedieverse.R#L340   #===================================== ...
R/Tweedieverse.R#L341   ###################################### ...
R/Tweedieverse.R#L342    ...
R/Tweedieverse.R#L343   ###################################### ...
R/Tweedieverse.R#L344   # Support multiple Bioconductor classe ...
R/Tweedieverse.R#L345   ###################################### ...
R/Tweedieverse.R#L347   domain <- tolower(domain) ...
R/Tweedieverse.R#L348   if (!domain %in% domain_choices) { ...
R/Tweedieverse.R#L350       "Please select a domain from the l ...
R/Tweedieverse.R#L351       toString(domain_choices) ...
R/Tweedieverse.R#L353   } ...
R/Tweedieverse.R#L355   valid_classes <- unique(unlist(domain_ ...
R/Tweedieverse.R#L356    ...
R/Tweedieverse.R#L357   ###################################### ...
R/Tweedieverse.R#L358   # Extract features and metadata based  ...
R/Tweedieverse.R#L359   ###################################### ...
R/Tweedieverse.R#L360    ...
R/Tweedieverse.R#L361   is_supported_bioc_class <- inherits(in ...
R/Tweedieverse.R#L362   if (is_supported_bioc_class) { ...
R/Tweedieverse.R#L366       metadata <- data.frame(SummarizedE ...
R/Tweedieverse.R#L368       metadata <- input_metadata ...
R/Tweedieverse.R#L370   } else { ...
R/Tweedieverse.R#L372       sprintf( ...
R/Tweedieverse.R#L375       ) ...
R/Tweedieverse.R#L377   } ...
R/Tweedieverse.R#L379   # create an output folder and figures  ...
R/Tweedieverse.R#L380   if (!no_output) { ...
R/Tweedieverse.R#L382       stop(sprintf("Output path exists b ...
R/Tweedieverse.R#L385       message(sprintf("Creating output f ...
R/Tweedieverse.R#L386       dir.create(output, recursive = TRU ...
R/Tweedieverse.R#L389       stop(sprintf("Unable to create out ...
R/Tweedieverse.R#L395       message(sprintf("Creating output f ...
R/Tweedieverse.R#L396       dir.create(figures_folder, recursi ...
R/Tweedieverse.R#L399       stop(sprintf("Unable to create out ...
R/Tweedieverse.R#L408       warning(sprintf("Deleting existing ...
R/Tweedieverse.R#L409       unlink(log_file) ...
R/Tweedieverse.R#L415   } else { ...
R/Tweedieverse.R#L418   } ...
R/Tweedieverse.R#L419    ...
R/Tweedieverse.R#L420   ##################### ...
R/Tweedieverse.R#L421   # Log the arguments # ...
R/Tweedieverse.R#L422   ##################### ...
R/Tweedieverse.R#L423    ...
R/Tweedieverse.R#L424   logging::loginfo("Writing function arg ...
R/Tweedieverse.R#L425   logging::logdebug("Function arguments" ...
R/Tweedieverse.R#L426   if (is.character(input_features)) { ...
R/Tweedieverse.R#L428   } ...
R/Tweedieverse.R#L429   if (is.character(input_metadata)) { ...
R/Tweedieverse.R#L431   } ...
R/Tweedieverse.R#L432   logging::logdebug("Output folder: %s", ...
R/Tweedieverse.R#L433   logging::logdebug("Abundance threshold ...
R/Tweedieverse.R#L434   logging::logdebug("Prevalence threshol ...
R/Tweedieverse.R#L435   logging::logdebug("Variance threshold: ...
R/Tweedieverse.R#L436   logging::logdebug("Base model: %s", ba ...
R/Tweedieverse.R#L437   logging::logdebug("Link function: %s", ...
R/Tweedieverse.R#L438   logging::logdebug("Tweedie variance po ...
R/Tweedieverse.R#L439   logging::logdebug("p = 0 transform: %s ...
R/Tweedieverse.R#L440   logging::logdebug("p = 0 transform pse ...
R/Tweedieverse.R#L441   logging::logdebug("Fixed effects: %s", ...
R/Tweedieverse.R#L442   logging::logdebug("Random effects: %s" ...
R/Tweedieverse.R#L443   logging::logdebug("Domain: %s", domain ...
R/Tweedieverse.R#L444   logging::logdebug("Normalization: %s", ...
R/Tweedieverse.R#L445   logging::logdebug("Offset adjustment:  ...
R/Tweedieverse.R#L446   logging::logdebug("Scale factor: %s",  ...
R/Tweedieverse.R#L447   logging::logdebug("Max significance: % ...
R/Tweedieverse.R#L448   logging::logdebug("Correction method:  ...
R/Tweedieverse.R#L449   logging::logdebug("Run MaAsLin2 for tw ...
R/Tweedieverse.R#L450   logging::logdebug("Run presence-absenc ...
R/Tweedieverse.R#L451   logging::logdebug("Method-specific arg ...
R/Tweedieverse.R#L453   logging::logdebug("Standardize: %s", s ...
R/Tweedieverse.R#L454   logging::logdebug("Cores: %d", cores) ...
R/Tweedieverse.R#L455   logging::logdebug("Optimization routin ...
R/Tweedieverse.R#L456    ...
R/Tweedieverse.R#L457    ...
R/Tweedieverse.R#L458   ###################################### ...
R/Tweedieverse.R#L459   # Check if valid options are selected  ...
R/Tweedieverse.R#L460   ###################################### ...
R/Tweedieverse.R#L461    ...
R/Tweedieverse.R#L462   # Check if the selected link is valid ...
R/Tweedieverse.R#L463   if (!link %in% link_choices) { ...
R/Tweedieverse.R#L465                            toString(link ...
R/Tweedieverse.R#L466   } ...
R/Tweedieverse.R#L467    ...
R/Tweedieverse.R#L468   # Check if the selected base_model is  ...
R/Tweedieverse.R#L469   if (!base_model %in% model_choices) { ...
R/Tweedieverse.R#L471       "Please select an analysis method  ...
R/Tweedieverse.R#L472       toString(model_choices) ...
R/Tweedieverse.R#L474   } ...
R/Tweedieverse.R#L476   p0_transform <- gsub("[ -]", "_", toup ...
R/Tweedieverse.R#L477   if (p0_transform %in% c("ARCSIGNEDSQRT ...
R/Tweedieverse.R#L479   } ...
R/Tweedieverse.R#L480   if (!p0_transform %in% p0_transform_ch ...
R/Tweedieverse.R#L482       "Please select a p0_transform from ...
R/Tweedieverse.R#L483       toString(p0_transform_choices) ...
R/Tweedieverse.R#L485   } ...
R/Tweedieverse.R#L486   if (length(p0_transform_pseudocount) ! ...
R/Tweedieverse.R#L487       !is.numeric(p0_transform_pseudocou ...
R/Tweedieverse.R#L488       !is.finite(p0_transform_pseudocoun ...
R/Tweedieverse.R#L489       p0_transform_pseudocount < 0) { ...
R/Tweedieverse.R#L491   } ...
R/Tweedieverse.R#L493   normalization <- resolve_tweedieverse_ ...
R/Tweedieverse.R#L497   ) ...
R/Tweedieverse.R#L498    ...
R/Tweedieverse.R#L499   # Check if the selected correction is  ...
R/Tweedieverse.R#L500   if (!correction %in% correction_choice ...
R/Tweedieverse.R#L502       "Please select a correction method ...
R/Tweedieverse.R#L503       toString(correction_choices) ...
R/Tweedieverse.R#L505   } ...
R/Tweedieverse.R#L506    ...
R/Tweedieverse.R#L507   # Check if the selected optimizer is v ...
R/Tweedieverse.R#L508   if (!optimizer %in% optimizer_choices) ...
R/Tweedieverse.R#L510       "Please select an optimizer method ...
R/Tweedieverse.R#L511       toString(correction_choices) ...
R/Tweedieverse.R#L513   } ...
R/Tweedieverse.R#L515   if (!is.null(tweedie_p)) { ...
R/Tweedieverse.R#L517       stop("tweedie_p must be NULL, NA,  ...
R/Tweedieverse.R#L520       tweedie_p <- NULL ...
R/Tweedieverse.R#L522       stop("tweedie_p must be NULL, NA,  ...
R/Tweedieverse.R#L524       stop("tweedie_p must be NULL, NA,  ...
R/Tweedieverse.R#L526   } ...
R/Tweedieverse.R#L528   if (!is.null(tweedie_p)) { ...
R/Tweedieverse.R#L530       stop("Tweedie variance powers betw ...
R/Tweedieverse.R#L532   } ...
R/Tweedieverse.R#L534   if (!is.logical(run_presence_absence_m ...
R/Tweedieverse.R#L535       length(run_presence_absence_model) ...
R/Tweedieverse.R#L536       is.na(run_presence_absence_model)) ...
R/Tweedieverse.R#L538   } ...
R/Tweedieverse.R#L540   if (!is.logical(Maaslin2_run) || ...
R/Tweedieverse.R#L541       length(Maaslin2_run) != 1L || ...
R/Tweedieverse.R#L542       is.na(Maaslin2_run)) { ...
R/Tweedieverse.R#L544   } ...
R/Tweedieverse.R#L546   if (!is.logical(adjust_offset) || ...
R/Tweedieverse.R#L547       length(adjust_offset) != 1L || ...
R/Tweedieverse.R#L548       is.na(adjust_offset)) { ...
R/Tweedieverse.R#L550   } ...
R/Tweedieverse.R#L552   if (!is.null(method_args) && !is.null( ...
R/Tweedieverse.R#L554   } ...
R/Tweedieverse.R#L555   if (is.null(method_args)) { ...
R/Tweedieverse.R#L557   } ...
R/Tweedieverse.R#L558   if (!is.null(method_args) && !is.list( ...
R/Tweedieverse.R#L560   } ...
R/Tweedieverse.R#L561    ...
R/Tweedieverse.R#L562   ###################################### ...
R/Tweedieverse.R#L563   # Check if the selected numerical opti ...
R/Tweedieverse.R#L564   ###################################### ...
R/Tweedieverse.R#L565    ...
R/Tweedieverse.R#L566   prop_options <- c(prev_threshold, max_ ...
R/Tweedieverse.R#L567   if (any(prop_options < 0) || any(prop_ ...
R/Tweedieverse.R#L569       "One of the following is outside [ ...
R/Tweedieverse.R#L571   } ...
R/Tweedieverse.R#L572    ...
R/Tweedieverse.R#L573   ###################################### ...
R/Tweedieverse.R#L574   # Determine orientation of data in inp ...
R/Tweedieverse.R#L575   ###################################### ...
R/Tweedieverse.R#L576    ...
R/Tweedieverse.R#L577   logging::loginfo("Determining format o ...
R/Tweedieverse.R#L578   samples_row_row <- intersect(rownames( ...
R/Tweedieverse.R#L579   if (length(samples_row_row) > 0) { ...
R/Tweedieverse.R#L582       "Input format is data samples as r ...
R/Tweedieverse.R#L584   } else { ...
R/Tweedieverse.R#L587       logging::loginfo( ...
R/Tweedieverse.R#L589       ) ...
R/Tweedieverse.R#L590       # transpose data frame so samples  ...
R/Tweedieverse.R#L591       data <- utils::type.convert(as.dat ...
R/Tweedieverse.R#L592       logging::logdebug("linked data so  ...
R/Tweedieverse.R#L594       samples_column_column <- ...
R/Tweedieverse.R#L596       if (length(samples_column_column)  ...
R/Tweedieverse.R#L597           logging::loginfo( ...
R/Tweedieverse.R#L599           ) ...
R/Tweedieverse.R#L603       } else { ...
R/Tweedieverse.R#L605           intersect(rownames(data), coln ...
R/Tweedieverse.R#L607           logging::loginfo( ...
R/Tweedieverse.R#L609           ) ...
R/Tweedieverse.R#L610           metadata <- utils::type.conver ...
R/Tweedieverse.R#L611           logging::logdebug("linked meta ...
R/Tweedieverse.R#L613           logging::logerror( ...
R/Tweedieverse.R#L615           ) ...
R/Tweedieverse.R#L616           logging::logdebug("input_featu ...
R/Tweedieverse.R#L618           logging::logdebug("input_featu ...
R/Tweedieverse.R#L620           logging::logdebug("Metadata ro ...
R/Tweedieverse.R#L622           logging::logdebug("Metadata co ...
R/Tweedieverse.R#L624           stop() ...
R/Tweedieverse.R#L626       } ...
R/Tweedieverse.R#L628   } ...
R/Tweedieverse.R#L629    ...
R/Tweedieverse.R#L630   # Replace unexpected characters in fea ...
R/Tweedieverse.R#L631   # colnames(data) <- make.names(colname ...
R/Tweedieverse.R#L632    ...
R/Tweedieverse.R#L633   # Check for samples without metadata ...
R/Tweedieverse.R#L634   extra_feature_samples <- ...
R/Tweedieverse.R#L636   if (length(extra_feature_samples) > 0) ...
R/Tweedieverse.R#L638       "The following samples were found  ...
R/Tweedieverse.R#L639       paste(extra_feature_samples, colla ...
R/Tweedieverse.R#L641    ...
R/Tweedieverse.R#L642   # Check for metadata samples without f ...
R/Tweedieverse.R#L643   extra_metadata_samples <- ...
R/Tweedieverse.R#L645   if (length(extra_metadata_samples) > 0 ...
R/Tweedieverse.R#L647       "The following samples were found  ...
R/Tweedieverse.R#L648       paste(extra_metadata_samples, coll ...
R/Tweedieverse.R#L650    ...
R/Tweedieverse.R#L651   # Get a set of the samples with both m ...
R/Tweedieverse.R#L652   intersect_samples <- intersect(rowname ...
R/Tweedieverse.R#L653   logging::logdebug( ...
R/Tweedieverse.R#L656   ) ...
R/Tweedieverse.R#L657    ...
R/Tweedieverse.R#L658   # Now order both data and metadata wit ...
R/Tweedieverse.R#L659   logging::logdebug("Reordering data/met ...
R/Tweedieverse.R#L660   data <- data[intersect_samples, , drop ...
R/Tweedieverse.R#L661   metadata <- metadata[intersect_samples ...
R/Tweedieverse.R#L663   fixed_effects <- parse_effect_names(fi ...
R/Tweedieverse.R#L664   random_effects <- parse_effect_names(r ...
R/Tweedieverse.R#L666   ###################################### ...
R/Tweedieverse.R#L667   # Assign reference values to categoric ...
R/Tweedieverse.R#L668   ###################################### ...
R/Tweedieverse.R#L669    ...
R/Tweedieverse.R#L670   if (is.null(reference)) { ...
R/Tweedieverse.R#L672   } ...
R/Tweedieverse.R#L673   split_reference <- unlist(strsplit(ref ...
R/Tweedieverse.R#L674    ...
R/Tweedieverse.R#L675   # for each fixed effect, check that a  ...
R/Tweedieverse.R#L676   for (i in fixed_effects) { ...
R/Tweedieverse.R#L679       next ...
R/Tweedieverse.R#L683       logging::loginfo( ...
R/Tweedieverse.R#L686       ) ...
R/Tweedieverse.R#L687       next ...
R/Tweedieverse.R#L699       if(!is.na(ref)) { ...
R/Tweedieverse.R#L701       } ...
R/Tweedieverse.R#L703       if (!is.na(ref)) { ...
R/Tweedieverse.R#L705       } else { ...
R/Tweedieverse.R#L707           "Please provide the reference  ...
R/Tweedieverse.R#L708           i, ...
R/Tweedieverse.R#L709           paste(as.character(mlevels), c ...
R/Tweedieverse.R#L711       }  ...
R/Tweedieverse.R#L713       stop("Provided categorical metadat ...
R/Tweedieverse.R#L715   } ...
R/Tweedieverse.R#L716    ...
R/Tweedieverse.R#L717    ...
R/Tweedieverse.R#L718   ###################################### ...
R/Tweedieverse.R#L719   # Non-specific filtering based on user ...
R/Tweedieverse.R#L720   ###################################### ...
R/Tweedieverse.R#L721    ...
R/Tweedieverse.R#L722   unfiltered_data <- data ...
R/Tweedieverse.R#L723   unfiltered_metadata <- metadata ...
R/Tweedieverse.R#L724    ...
R/Tweedieverse.R#L725   # require at least total samples * min ...
R/Tweedieverse.R#L726   # for each feature to be greater than  ...
R/Tweedieverse.R#L727   logging::loginfo("Filter data based on ...
R/Tweedieverse.R#L728   total_samples <- nrow(unfiltered_data) ...
R/Tweedieverse.R#L729   logging::loginfo("Total samples in dat ...
R/Tweedieverse.R#L730   min_samples <- total_samples * prev_th ...
R/Tweedieverse.R#L731   logging::loginfo( ...
R/Tweedieverse.R#L734   ) ...
R/Tweedieverse.R#L735    ...
R/Tweedieverse.R#L736   # Filter by abundance using zero as va ...
R/Tweedieverse.R#L737   data_zeros <- unfiltered_data ...
R/Tweedieverse.R#L738   data_zeros[is.na(data_zeros)] <- 0 ...
R/Tweedieverse.R#L739   filtered_data <- ...
R/Tweedieverse.R#L743   total_filtered_features <- ...
R/Tweedieverse.R#L745   logging::loginfo( ...
R/Tweedieverse.R#L748   ) ...
R/Tweedieverse.R#L749   filtered_feature_names <- ...
R/Tweedieverse.R#L751   logging::loginfo("Filtered feature nam ...
R/Tweedieverse.R#L752                    toString(filtered_fea ...
R/Tweedieverse.R#L753    ...
R/Tweedieverse.R#L754    ...
R/Tweedieverse.R#L755    ...
R/Tweedieverse.R#L756   ################################# ...
R/Tweedieverse.R#L757   # Filter data based on variance # ...
R/Tweedieverse.R#L758   ################################# ...
R/Tweedieverse.R#L759    ...
R/Tweedieverse.R#L760   sds <- apply(filtered_data, 2, na.rm = ...
R/Tweedieverse.R#L761   final_features <- ...
R/Tweedieverse.R#L763   total_filtered_features_var <- ...
R/Tweedieverse.R#L765   logging::loginfo("Total filtered featu ...
R/Tweedieverse.R#L766                    total_filtered_featur ...
R/Tweedieverse.R#L767   filtered_feature_names_var <- ...
R/Tweedieverse.R#L769   logging::loginfo("Filtered feature nam ...
R/Tweedieverse.R#L770                    toString(filtered_fea ...
R/Tweedieverse.R#L772   ###################################### ...
R/Tweedieverse.R#L773   # Resolve Tweedie index after filterin ...
R/Tweedieverse.R#L774   ###################################### ...
R/Tweedieverse.R#L776   has_negative_data <- any(as.matrix(fin ...
R/Tweedieverse.R#L777   if (is.null(tweedie_p) && has_negative ...
R/Tweedieverse.R#L779       "Negative feature values detected  ...
R/Tweedieverse.R#L780       "p = 0 is the only Tweedie index w ...
R/Tweedieverse.R#L781       "Setting tweedie_p = 0." ...
R/Tweedieverse.R#L784   } else if (!is.null(tweedie_p) && twee ...
R/Tweedieverse.R#L786       "Negative feature values are suppo ...
R/Tweedieverse.R#L787       "Set tweedie_p = 0, leave tweedie_ ...
R/Tweedieverse.R#L789   } ...
R/Tweedieverse.R#L791   if (!is.null(tweedie_p) && tweedie_p < ...
R/Tweedieverse.R#L793       "Negative Tweedie variance powers  ...
R/Tweedieverse.R#L794       "The model will run at the supplie ...
R/Tweedieverse.R#L795       call. = FALSE ...
R/Tweedieverse.R#L797   } ...
R/Tweedieverse.R#L799   if (!is.null(tweedie_p) && tweedie_p = ...
R/Tweedieverse.R#L801       "tweedie_p = 0 uses the Gaussian v ...
R/Tweedieverse.R#L802       "setting link = 'identity' because ...
R/Tweedieverse.R#L805   } ...
R/Tweedieverse.R#L807   if (!is.null(tweedie_p) && tweedie_p = ...
R/Tweedieverse.R#L809       "tweedie_p = 0 with identity link  ...
R/Tweedieverse.R#L810       "setting adjust_offset = FALSE." ...
R/Tweedieverse.R#L813   } ...
R/Tweedieverse.R#L814    ...
R/Tweedieverse.R#L815    ...
R/Tweedieverse.R#L816   ###################################### ...
R/Tweedieverse.R#L817   # Compute size factors for the model o ...
R/Tweedieverse.R#L818   # the feature table used as the respon ...
R/Tweedieverse.R#L819   ###################################### ...
R/Tweedieverse.R#L821   offset <- NULL ...
R/Tweedieverse.R#L822   if (adjust_offset) { ...
R/Tweedieverse.R#L824       features = unfiltered_data, ...
R/Tweedieverse.R#L825       metadata = unfiltered_metadata, ...
R/Tweedieverse.R#L826       normalization = normalization, ...
R/Tweedieverse.R#L827       scale_factor = scale_factor ...
R/Tweedieverse.R#L830   } else { ...
R/Tweedieverse.R#L832   } ...
R/Tweedieverse.R#L834   if (!is.null(scale_factor) && scale_fa ...
R/Tweedieverse.R#L836   } ...
R/Tweedieverse.R#L837    ...
R/Tweedieverse.R#L838    ...
R/Tweedieverse.R#L839   #################################### ...
R/Tweedieverse.R#L840   # Filter metadata based on entropy # ...
R/Tweedieverse.R#L841   #################################### ...
R/Tweedieverse.R#L842    ...
R/Tweedieverse.R#L843   # Reduce metadata to only include thos ...
R/Tweedieverse.R#L844   temp_filtered_metadata <- unfiltered_m ...
R/Tweedieverse.R#L845   excluded_metadata <- setdiff(colnames( ...
R/Tweedieverse.R#L846   logging::loginfo( ...
R/Tweedieverse.R#L849   ) ...
R/Tweedieverse.R#L850   filtered_metadata <- temp_filtered_met ...
R/Tweedieverse.R#L851    ...
R/Tweedieverse.R#L852    ...
R/Tweedieverse.R#L853   ###################################### ...
R/Tweedieverse.R#L854   # Compute the formula based on the use ...
R/Tweedieverse.R#L855   ###################################### ...
R/Tweedieverse.R#L857   ##################### ...
R/Tweedieverse.R#L858   # Determine formula # ...
R/Tweedieverse.R#L859   ##################### ...
R/Tweedieverse.R#L860    ...
R/Tweedieverse.R#L861   random_effects_formula <- NULL ...
R/Tweedieverse.R#L862   # Use all metadata if no fixed effects ...
R/Tweedieverse.R#L863   if (is.null(fixed_effects)) { ...
R/Tweedieverse.R#L865   } else { ...
R/Tweedieverse.R#L869       logging::logwarn( ...
R/Tweedieverse.R#L872       ) ...
R/Tweedieverse.R#L875       logging::logerror("No fixed effect ...
R/Tweedieverse.R#L876       stop() ...
R/Tweedieverse.R#L878   } ...
R/Tweedieverse.R#L879    ...
R/Tweedieverse.R#L880   if (!is.null(random_effects)) { ...
R/Tweedieverse.R#L885       setdiff(random_effects, colnames(f ...
R/Tweedieverse.R#L887       logging::logwarn( ...
R/Tweedieverse.R#L890       ) ...
R/Tweedieverse.R#L895       random_effects_formula_text <- ...
R/Tweedieverse.R#L897               paste( ...
R/Tweedieverse.R#L902               ), ...
R/Tweedieverse.R#L903               sep = '') ...
R/Tweedieverse.R#L904       logging::loginfo("Formula for rand ...
R/Tweedieverse.R#L905                        random_effects_fo ...
R/Tweedieverse.R#L906       random_effects_formula <- ...
R/Tweedieverse.R#L908           as.formula(random_effects_form ...
R/Tweedieverse.R#L909           error = function(e) ...
R/Tweedieverse.R#L911               sprintf( ...
R/Tweedieverse.R#L914               ) ...
R/Tweedieverse.R#L918   } ...
R/Tweedieverse.R#L919    ...
R/Tweedieverse.R#L920   # Reduce metadata to only include fixe ...
R/Tweedieverse.R#L921   effects_names <- union(fixed_effects,  ...
R/Tweedieverse.R#L922   filtered_metadata <- ...
R/Tweedieverse.R#L924    ...
R/Tweedieverse.R#L925   # Create the fixed effects formula tex ...
R/Tweedieverse.R#L926   formula_text <- ...
R/Tweedieverse.R#L928   logging::loginfo("Formula for fixed ef ...
R/Tweedieverse.R#L929   formula <- ...
R/Tweedieverse.R#L931       as.formula(formula_text), ...
R/Tweedieverse.R#L932       error = function(e) ...
R/Tweedieverse.R#L934           sprintf( ...
R/Tweedieverse.R#L937           ) ...
R/Tweedieverse.R#L941   ###################################### ...
R/Tweedieverse.R#L942   # Standardize metadata (excpet the off ...
R/Tweedieverse.R#L943   ###################################### ...
R/Tweedieverse.R#L944    ...
R/Tweedieverse.R#L945   if (standardize) { ...
R/Tweedieverse.R#L948       filtered_metadata %>% dplyr::mutat ...
R/Tweedieverse.R#L949   } else { ...
R/Tweedieverse.R#L951   } ...
R/Tweedieverse.R#L952    ...
R/Tweedieverse.R#L953   ################################## ...
R/Tweedieverse.R#L954   # Merge metadata and offset back # ...
R/Tweedieverse.R#L955   ################################## ...
R/Tweedieverse.R#L956    ...
R/Tweedieverse.R#L957   final_metadata <- as.data.frame(filter ...
R/Tweedieverse.R#L958   if (adjust_offset) { ...
R/Tweedieverse.R#L960   } ...
R/Tweedieverse.R#L962   analysis_features <- final_features ...
R/Tweedieverse.R#L963   transformed_features <- NULL ...
R/Tweedieverse.R#L964   if (!is.null(tweedie_p) && tweedie_p = ...
R/Tweedieverse.R#L966       features = final_features, ...
R/Tweedieverse.R#L967       transform = p0_transform, ...
R/Tweedieverse.R#L968       pseudocount = p0_transform_pseudoc ...
R/Tweedieverse.R#L971       transformed_features <- analysis_f ...
R/Tweedieverse.R#L972       logging::loginfo("Using p = 0 tran ...
R/Tweedieverse.R#L973       if (!no_output) { ...
R/Tweedieverse.R#L977           transformed_features, ...
R/Tweedieverse.R#L978           file = transformed_features_fi ...
R/Tweedieverse.R#L979           sep = "\t", ...
R/Tweedieverse.R#L980           quote = FALSE, ...
R/Tweedieverse.R#L981           row.names = TRUE ...
R/Tweedieverse.R#L983       } ...
R/Tweedieverse.R#L985   } else if (p0_transform != "NONE") { ...
R/Tweedieverse.R#L987   } ...
R/Tweedieverse.R#L988    ...
R/Tweedieverse.R#L989   ###################################### ...
R/Tweedieverse.R#L990   # Apply the base model to the filtered ...
R/Tweedieverse.R#L991   ###################################### ...
R/Tweedieverse.R#L992    ...
R/Tweedieverse.R#L993   logging::loginfo("Running selected ana ...
R/Tweedieverse.R#L994    ...
R/Tweedieverse.R#L995   fit_data <- fit.Tweedieverse( ...
R/Tweedieverse.R#L1010   ) ...
R/Tweedieverse.R#L1011    ...
R/Tweedieverse.R#L1012    ...
R/Tweedieverse.R#L1013   ###################################### ...
R/Tweedieverse.R#L1014   # Count the N and Zero-inflation for e ...
R/Tweedieverse.R#L1015   ###################################### ...
R/Tweedieverse.R#L1016    ...
R/Tweedieverse.R#L1017   logging::loginfo("Counting prevalence  ...
R/Tweedieverse.R#L1018   try(fit_data$results$N <- ...
R/Tweedieverse.R#L1020           fit_data$results, ...
R/Tweedieverse.R#L1021           1, ...
R/Tweedieverse.R#L1022           FUN = function(x) ...
R/Tweedieverse.R#L1025   try(fit_data$results$N.not.zero <- ...
R/Tweedieverse.R#L1027           fit_data$results, ...
R/Tweedieverse.R#L1028           1, ...
R/Tweedieverse.R#L1029           FUN = function(x) ...
R/Tweedieverse.R#L1032   try(fit_data$results$percent.zero <- ...
R/Tweedieverse.R#L1034           fit_data$results, ...
R/Tweedieverse.R#L1035           1, ...
R/Tweedieverse.R#L1036           FUN = function(x) ...
R/Tweedieverse.R#L1040    ...
R/Tweedieverse.R#L1041   ######################### ...
R/Tweedieverse.R#L1042   # Write out the results # ...
R/Tweedieverse.R#L1043   ######################### ...
R/Tweedieverse.R#L1044    ...
R/Tweedieverse.R#L1045   ordered_results <- ...
R/Tweedieverse.R#L1047   ordered_results <- ...
R/Tweedieverse.R#L1049    ...
R/Tweedieverse.R#L1050   if (median_comparison) { ...
R/Tweedieverse.R#L1066                                      met ...
R/Tweedieverse.R#L1070   } ...
R/Tweedieverse.R#L1072   if (run_presence_absence_model) { ...
R/Tweedieverse.R#L1074       features = final_features, ...
R/Tweedieverse.R#L1075       metadata = final_metadata, ...
R/Tweedieverse.R#L1076       formula = formula, ...
R/Tweedieverse.R#L1077       random_effects_formula = random_ef ...
R/Tweedieverse.R#L1078       correction = correction, ...
R/Tweedieverse.R#L1079       cores = cores ...
R/Tweedieverse.R#L1082       abundance_results = ordered_result ...
R/Tweedieverse.R#L1083       presence_results = presence_result ...
R/Tweedieverse.R#L1084       correction = correction ...
R/Tweedieverse.R#L1088   } ...
R/Tweedieverse.R#L1089    ...
R/Tweedieverse.R#L1090   ordered_results <- ...
R/Tweedieverse.R#L1092       ordered_results, ...
R/Tweedieverse.R#L1093       c( ...
R/Tweedieverse.R#L1101       ), ...
R/Tweedieverse.R#L1102       everything() ...
R/Tweedieverse.R#L1104    ...
R/Tweedieverse.R#L1105    ...
R/Tweedieverse.R#L1106   if (!no_output) { ...
R/Tweedieverse.R#L1109                      results_file) ...
R/Tweedieverse.R#L1111       ordered_results, ...
R/Tweedieverse.R#L1112       file = results_file, ...
R/Tweedieverse.R#L1113       sep = "\t", ...
R/Tweedieverse.R#L1114       quote = FALSE, ...
R/Tweedieverse.R#L1115       row.names = FALSE ...
R/Tweedieverse.R#L1117   } ...
R/Tweedieverse.R#L1118    ...
R/Tweedieverse.R#L1119   # Write results passing threshold to f ...
R/Tweedieverse.R#L1120   # (removing any that are NA for the q- ...
R/Tweedieverse.R#L1121   significant_results <- ...
R/Tweedieverse.R#L1123    ...
R/Tweedieverse.R#L1124   if (!no_output) { ...
R/Tweedieverse.R#L1125   significant_results_file <- ...
R/Tweedieverse.R#L1127   logging::loginfo( ...
R/Tweedieverse.R#L1131   ) ...
R/Tweedieverse.R#L1132   write.table( ...
R/Tweedieverse.R#L1138   ) ...
R/Tweedieverse.R#L1139    ...
R/Tweedieverse.R#L1140    ...
R/Tweedieverse.R#L1141   ###################################### ...
R/Tweedieverse.R#L1142   # Create visualizations for results pa ...
R/Tweedieverse.R#L1143   ###################################### ...
R/Tweedieverse.R#L1144    ...
R/Tweedieverse.R#L1145   logging::loginfo("Writing Tweedie inxe ...
R/Tweedieverse.R#L1146                    output) ...
R/Tweedieverse.R#L1147   tryCatch({ ...
R/Tweedieverse.R#L1150   }, error = function(err) { ...
R/Tweedieverse.R#L1154   }) ...
R/Tweedieverse.R#L1155    ...
R/Tweedieverse.R#L1156   if (plot_heatmap && ...
R/Tweedieverse.R#L1157       nrow(significant_results) > 0 && ...
R/Tweedieverse.R#L1158       length(unique(significant_results$ ...
R/Tweedieverse.R#L1161                      heatmap_file) ...
R/Tweedieverse.R#L1163       save_heatmap(significant_results_f ...
R/Tweedieverse.R#L1164                    heatmap_file, ...
R/Tweedieverse.R#L1165                    figures_folder, ...
R/Tweedieverse.R#L1166                    first_n = heatmap_fir ...
R/Tweedieverse.R#L1168       logging::logerror("Unable to do ma ...
R/Tweedieverse.R#L1169       logging::logerror(err) ...
R/Tweedieverse.R#L1170       # dev.off() ...
R/Tweedieverse.R#L1172   } ...
R/Tweedieverse.R#L1173    ...
R/Tweedieverse.R#L1174   if (plot_scatter) { ...
R/Tweedieverse.R#L1176       "Writing association plots (one fo ...
R/Tweedieverse.R#L1177       output ...
R/Tweedieverse.R#L1180       metadata, ...
R/Tweedieverse.R#L1181       final_features/offset, ...
R/Tweedieverse.R#L1182       significant_results_file, ...
R/Tweedieverse.R#L1183       output, ...
R/Tweedieverse.R#L1184       figures_folder ...
R/Tweedieverse.R#L1186   } ...
R/Tweedieverse.R#L1187   } ...
R/Tweedieverse.R#L1188   return(significant_results) ...
R/Tweedieverse.R#L1193   logging::logerror("%s: %s", message, t ...
R/Tweedieverse.R#L1194   stop("Option not valid", call. = FALSE ...
R/Tweedieverse.R#L1199   "base.model", ...
R/Tweedieverse.R#L1200   "base.model_abundance", ...
R/Tweedieverse.R#L1201   "base.model_presence", ...
R/Tweedieverse.R#L1202   "bin", ...
R/Tweedieverse.R#L1203   "coef", ...
R/Tweedieverse.R#L1204   "coef_abundance", ...
R/Tweedieverse.R#L1205   "coef_presence", ...
R/Tweedieverse.R#L1206   "data", ...
R/Tweedieverse.R#L1207   "feature", ...
R/Tweedieverse.R#L1208   "metadata", ...
R/Tweedieverse.R#L1209   "name", ...
R/Tweedieverse.R#L1210   "pval", ...
R/Tweedieverse.R#L1211   "pval_abundance", ...
R/Tweedieverse.R#L1212   "pval_presence", ...
R/Tweedieverse.R#L1213   "qval", ...
R/Tweedieverse.R#L1214   "qval_abundance", ...
R/Tweedieverse.R#L1215   "qval_presence", ...
R/Tweedieverse.R#L1216   "stderr", ...
R/Tweedieverse.R#L1217   "stderr_abundance", ...
R/Tweedieverse.R#L1218   "stderr_presence", ...
R/Tweedieverse.R#L1219   "tweedie.index", ...
R/Tweedieverse.R#L1220   "value", ...
R/Tweedieverse.R#L1221   "xnames" ...
R/fit_CPLM.R#L2                      metadata, ...
R/fit_CPLM.R#L3                      link = "log", ...
R/fit_CPLM.R#L4                      tweedie_p = NULL, ...
R/fit_CPLM.R#L5                      Maaslin2_run = TRUE ...
R/fit_CPLM.R#L6                      method_args = NULL, ...
R/fit_CPLM.R#L7                      formula = NULL, ...
R/fit_CPLM.R#L8                      random_effects_form ...
R/fit_CPLM.R#L9                      correction = 'BH', ...
R/fit_CPLM.R#L10                      cores = 4, ...
R/fit_CPLM.R#L11                      optimizer = 'nlminb ...
R/fit_CPLM.R#L12                      na.action = na.excl ...
R/fit_CPLM.R#L14   tweedie_link_power <- function(link) { ...
R/fit_CPLM.R#L16            log = 0, ...
R/fit_CPLM.R#L17            identity = 1, ...
R/fit_CPLM.R#L18            sqrt = 0.5, ...
R/fit_CPLM.R#L19            inverse = -1, ...
R/fit_CPLM.R#L20            stop("Unsupported Tweedie lin ...
R/fit_CPLM.R#L21   } ...
R/fit_CPLM.R#L23   fit_maaslin2_lm <- function(features, ...
R/fit_CPLM.R#L24                               metadata, ...
R/fit_CPLM.R#L25                               formula, ...
R/fit_CPLM.R#L26                               random_eff ...
R/fit_CPLM.R#L27                               correction ...
R/fit_CPLM.R#L28                               cores, ...
R/fit_CPLM.R#L29                               method_arg ...
R/fit_CPLM.R#L31       stop("Maaslin2 is required when tw ...
R/fit_CPLM.R#L36       maaslin_metadata <- dplyr::select( ...
R/fit_CPLM.R#L42       random_effects <- setdiff(all.vars ...
R/fit_CPLM.R#L48       if (requireNamespace("logging", qu ...
R/fit_CPLM.R#L50       } ...
R/fit_CPLM.R#L51       unlink(tmp, recursive = TRUE) ...
R/fit_CPLM.R#L56       Maaslin2::Maaslin2, ...
R/fit_CPLM.R#L57       merge_method_args( ...
R/fit_CPLM.R#L59           input_data = features, ...
R/fit_CPLM.R#L60           input_metadata = maaslin_metad ...
R/fit_CPLM.R#L61           output = tmp, ...
R/fit_CPLM.R#L62           fixed_effects = fixed_effects, ...
R/fit_CPLM.R#L63           random_effects = random_effect ...
R/fit_CPLM.R#L64           min_abundance = -Inf, ...
R/fit_CPLM.R#L65           normalization = "NONE", ...
R/fit_CPLM.R#L66           transform = "NONE", ...
R/fit_CPLM.R#L67           save_scatter = FALSE, ...
R/fit_CPLM.R#L68           save_models = FALSE, ...
R/fit_CPLM.R#L69           plot_heatmap = FALSE, ...
R/fit_CPLM.R#L70           plot_scatter = FALSE, ...
R/fit_CPLM.R#L71           max_significance = 1, ...
R/fit_CPLM.R#L72           correction = correction, ...
R/fit_CPLM.R#L73           standardize = FALSE, ...
R/fit_CPLM.R#L74           cores = cores ...
R/fit_CPLM.R#L77       ) ...
R/fit_CPLM.R#L85       paras$value <- paras$metadata ...
R/fit_CPLM.R#L89       paras, ...
R/fit_CPLM.R#L90       c('feature', 'metadata', 'value'), ...
R/fit_CPLM.R#L91       dplyr::everything() ...
R/fit_CPLM.R#L95   } ...
R/fit_CPLM.R#L97   if (!is.null(tweedie_p) && tweedie_p = ...
R/fit_CPLM.R#L99       features = features, ...
R/fit_CPLM.R#L100       metadata = metadata, ...
R/fit_CPLM.R#L101       formula = formula, ...
R/fit_CPLM.R#L102       random_effects_formula = random_ef ...
R/fit_CPLM.R#L103       correction = correction, ...
R/fit_CPLM.R#L104       cores = cores, ...
R/fit_CPLM.R#L105       method_args = method_args ...
R/fit_CPLM.R#L107   } ...
R/fit_CPLM.R#L109   if (!is.null(tweedie_p) && !is.null(ra ...
R/fit_CPLM.R#L110       !(tweedie_p %in% c(0, 1, 2, 3) ||  ...
R/fit_CPLM.R#L112   } ...
R/fit_CPLM.R#L113    ...
R/fit_CPLM.R#L114   ###################################### ...
R/fit_CPLM.R#L115   # Fit and summary functions for CPLM # ...
R/fit_CPLM.R#L116   ###################################### ...
R/fit_CPLM.R#L117    ...
R/fit_CPLM.R#L118   if (is.null(random_effects_formula)) { ...
R/fit_CPLM.R#L125                                data, ...
R/fit_CPLM.R#L126                                link, ...
R/fit_CPLM.R#L127                                tweedie_p ...
R/fit_CPLM.R#L128                                optimizer ...
R/fit_CPLM.R#L129                                na.action ...
R/fit_CPLM.R#L130       if (is.null(tweedie_p)) { ...
R/fit_CPLM.R#L132           cplm::cpglm( ...
R/fit_CPLM.R#L138           ) ...
R/fit_CPLM.R#L140       } ...
R/fit_CPLM.R#L142       return( ...
R/fit_CPLM.R#L144           formula = formula, ...
R/fit_CPLM.R#L145           data = data, ...
R/fit_CPLM.R#L146           family = statmod::tweedie( ...
R/fit_CPLM.R#L149           ), ...
R/fit_CPLM.R#L150           na.action = na.action ...
R/fit_CPLM.R#L152       ) ...
R/fit_CPLM.R#L156       if (inherits(fit, "cpglm")) { ...
R/fit_CPLM.R#L158           capture.output(cplm_summary <- ...
R/fit_CPLM.R#L163       } else { ...
R/fit_CPLM.R#L169       } ...
R/fit_CPLM.R#L170       return(para) ...
R/fit_CPLM.R#L173   } else{ ...
R/fit_CPLM.R#L181       paste('. ~', paste(fixed_terms, co ...
R/fit_CPLM.R#L185                                data, ...
R/fit_CPLM.R#L186                                link, ...
R/fit_CPLM.R#L187                                tweedie_p ...
R/fit_CPLM.R#L188                                optimizer ...
R/fit_CPLM.R#L189                                na.action ...
R/fit_CPLM.R#L190       family <- glmmTMB::tweedie(link =  ...
R/fit_CPLM.R#L191       start <- NULL ...
R/fit_CPLM.R#L192       map <- NULL ...
R/fit_CPLM.R#L193       if (!is.null(tweedie_p)) { ...
R/fit_CPLM.R#L195           start <- list(thetaf = stats:: ...
R/fit_CPLM.R#L196           map <- list(thetaf = factor(NA ...
R/fit_CPLM.R#L198           family <- switch(as.character( ...
R/fit_CPLM.R#L199                            "0" = stats:: ...
R/fit_CPLM.R#L200                            "1" = stats:: ...
R/fit_CPLM.R#L201                            "2" = stats:: ...
R/fit_CPLM.R#L202                            "3" = stats:: ...
R/fit_CPLM.R#L203                            stop("Unsuppo ...
R/fit_CPLM.R#L205       } ...
R/fit_CPLM.R#L206       args <- list( ...
R/fit_CPLM.R#L207           formula = formula, ...
R/fit_CPLM.R#L208           data = data, ...
R/fit_CPLM.R#L209           family = family, ...
R/fit_CPLM.R#L210           ziformula = ~ 0, ...
R/fit_CPLM.R#L211           na.action = na.action ...
R/fit_CPLM.R#L212       ) ...
R/fit_CPLM.R#L213       if (!is.null(start)) { ...
R/fit_CPLM.R#L215       } ...
R/fit_CPLM.R#L216       if (!is.null(map)) { ...
R/fit_CPLM.R#L218       } ...
R/fit_CPLM.R#L219       return(do.call(glmmTMB::glmmTMB, a ...
R/fit_CPLM.R#L220        ...
R/fit_CPLM.R#L224       glmmTMB_summary <- coef(summary(fi ...
R/fit_CPLM.R#L225       para <- as.data.frame(glmmTMB_summ ...
R/fit_CPLM.R#L226       para$base.model <- ifelse(is.null( ...
R/fit_CPLM.R#L227       para$tweedie.index <- if (is.null( ...
R/fit_CPLM.R#L229       } else { ...
R/fit_CPLM.R#L231       } ...
R/fit_CPLM.R#L232       para$name <- rownames(glmmTMB_summ ...
R/fit_CPLM.R#L233       return(para) ...
R/fit_CPLM.R#L235   } ...
R/fit_CPLM.R#L236    ...
R/fit_CPLM.R#L237    ...
R/fit_CPLM.R#L238   ###################################### ...
R/fit_CPLM.R#L239   # Init cluster for parallel computing  ...
R/fit_CPLM.R#L240   ###################################### ...
R/fit_CPLM.R#L241    ...
R/fit_CPLM.R#L242   cluster <- NULL ...
R/fit_CPLM.R#L243   if (cores > 1) ...
R/fit_CPLM.R#L244   { ...
R/fit_CPLM.R#L248       cluster, ...
R/fit_CPLM.R#L249       c( ...
R/fit_CPLM.R#L260       ), ...
R/fit_CPLM.R#L261       envir = environment() ...
R/fit_CPLM.R#L263   } ...
R/fit_CPLM.R#L264    ...
R/fit_CPLM.R#L265   ############################## ...
R/fit_CPLM.R#L266   # Apply per-feature modeling # ...
R/fit_CPLM.R#L267   ############################## ...
R/fit_CPLM.R#L268    ...
R/fit_CPLM.R#L269   outputs <- ...
R/fit_CPLM.R#L271       metadata_names <- setdiff(colnames ...
R/fit_CPLM.R#L272        ...
R/fit_CPLM.R#L273       ################################# ...
R/fit_CPLM.R#L274       # Create per-feature data frame # ...
R/fit_CPLM.R#L275       ################################# ...
R/fit_CPLM.R#L276        ...
R/fit_CPLM.R#L277       featuresVector <- features[, x] ...
R/fit_CPLM.R#L278       logging::loginfo("Fitting model to ...
R/fit_CPLM.R#L279                        x, ...
R/fit_CPLM.R#L280                        colnames(features ...
R/fit_CPLM.R#L281       dat_sub <- ...
R/fit_CPLM.R#L283        ...
R/fit_CPLM.R#L284       ############# ...
R/fit_CPLM.R#L285       # Fit model # ...
R/fit_CPLM.R#L286       ############# ...
R/fit_CPLM.R#L287        ...
R/fit_CPLM.R#L288       fit <- tryCatch({ ...
R/fit_CPLM.R#L290           model_function( ...
R/fit_CPLM.R#L297           ) ...
R/fit_CPLM.R#L298       }, error = function(err) { ...
R/fit_CPLM.R#L300           try({ ...
R/fit_CPLM.R#L302               formula = formula, ...
R/fit_CPLM.R#L303               data = dat_sub, ...
R/fit_CPLM.R#L304               link = link, ...
R/fit_CPLM.R#L305               tweedie_p = tweedie_p, ...
R/fit_CPLM.R#L306               optimizer = optimizer, ...
R/fit_CPLM.R#L307               na.action = na.action ...
R/fit_CPLM.R#L309           }) ...
R/fit_CPLM.R#L311       }) ...
R/fit_CPLM.R#L312        ...
R/fit_CPLM.R#L313       ################# ...
R/fit_CPLM.R#L314       # Gather Output # ...
R/fit_CPLM.R#L315       ################# ...
R/fit_CPLM.R#L316        ...
R/fit_CPLM.R#L317       output <- list() ...
R/fit_CPLM.R#L318       if (all(!inherits(fit, "try-error" ...
R/fit_CPLM.R#L320       } ...
R/fit_CPLM.R#L321       else{ ...
R/fit_CPLM.R#L324           as.data.frame(matrix(NA,  nrow ...
R/fit_CPLM.R#L326           metadata_names ...
R/fit_CPLM.R#L327       } ...
R/fit_CPLM.R#L328       colnames(output$para) <- ...
R/fit_CPLM.R#L330           'stderr' , ...
R/fit_CPLM.R#L331           'pval', ...
R/fit_CPLM.R#L332           'base.model', ...
R/fit_CPLM.R#L333           'tweedie.index', ...
R/fit_CPLM.R#L334           'name') ...
R/fit_CPLM.R#L335       output$para$feature <- colnames(fe ...
R/fit_CPLM.R#L336       return(output) ...
R/fit_CPLM.R#L338    ...
R/fit_CPLM.R#L339   #################### ...
R/fit_CPLM.R#L340   # Stop the cluster # ...
R/fit_CPLM.R#L341   #################### ...
R/fit_CPLM.R#L342    ...
R/fit_CPLM.R#L343   if (!is.null(cluster)) ...
R/fit_CPLM.R#L345    ...
R/fit_CPLM.R#L346   ##################################### ...
R/fit_CPLM.R#L347   # Bind the results for each feature # ...
R/fit_CPLM.R#L348   ##################################### ...
R/fit_CPLM.R#L349    ...
R/fit_CPLM.R#L350   paras <- ...
R/fit_CPLM.R#L352       return(x$para) ...
R/fit_CPLM.R#L354    ...
R/fit_CPLM.R#L355   ################################ ...
R/fit_CPLM.R#L356   # Apply correction to p-values # ...
R/fit_CPLM.R#L357   ################################ ...
R/fit_CPLM.R#L358    ...
R/fit_CPLM.R#L359   paras$qval <- ...
R/fit_CPLM.R#L361    ...
R/fit_CPLM.R#L362   ###################################### ...
R/fit_CPLM.R#L363   # Determine the metadata names from th ...
R/fit_CPLM.R#L364   ###################################### ...
R/fit_CPLM.R#L365    ...
R/fit_CPLM.R#L366   metadata_names <- setdiff(colnames(met ...
R/fit_CPLM.R#L367   # order the metadata names by decreasi ...
R/fit_CPLM.R#L368   metadata_names_ordered <- ...
R/fit_CPLM.R#L370   # find the metadata name based on the  ...
R/fit_CPLM.R#L371   # to the beginning of the string ...
R/fit_CPLM.R#L372   extract_metadata_name <- function(name ...
R/fit_CPLM.R#L374                                          ...
R/fit_CPLM.R#L375                                          ...
R/fit_CPLM.R#L376   } ...
R/fit_CPLM.R#L377   paras$metadata <- ...
R/fit_CPLM.R#L379   # compute the value as the model contr ...
R/fit_CPLM.R#L380   paras$value <- ...
R/fit_CPLM.R#L382       if (x == y) ...
R/fit_CPLM.R#L384       else ...
R/fit_CPLM.R#L387    ...
R/fit_CPLM.R#L388   ############################## ...
R/fit_CPLM.R#L389   # Sort by decreasing q-value # ...
R/fit_CPLM.R#L390   ############################## ...
R/fit_CPLM.R#L391    ...
R/fit_CPLM.R#L392   paras <- paras[order(paras$qval, decre ...
R/fit_CPLM.R#L393   paras <- ...
R/fit_CPLM.R#L395                   c('feature', 'metadata ...
R/fit_CPLM.R#L396                   dplyr::everything()) ...
R/fit_CPLM.R#L397   paras <- dplyr::select(paras,-name) ...
R/fit_CPLM.R#L398   rownames(paras) <- NULL ...
R/fit_CPLM.R#L399   return(list("results" = paras)) ...
R/fit_Tweedieverse.R#L2                              metadata, ...
R/fit_Tweedieverse.R#L3                              base_model  ...
R/fit_Tweedieverse.R#L4                              link = "log ...
R/fit_Tweedieverse.R#L5                              tweedie_p = ...
R/fit_Tweedieverse.R#L6                              Maaslin2_ru ...
R/fit_Tweedieverse.R#L7                              method_args ...
R/fit_Tweedieverse.R#L8                              formula = N ...
R/fit_Tweedieverse.R#L9                              random_effe ...
R/fit_Tweedieverse.R#L10                              adjust_offs ...
R/fit_Tweedieverse.R#L11                              correction  ...
R/fit_Tweedieverse.R#L12                              cores = 4, ...
R/fit_Tweedieverse.R#L13                              optimizer = ...
R/fit_Tweedieverse.R#L14                              na.action = ...
R/fit_Tweedieverse.R#L15    ...
R/fit_Tweedieverse.R#L16   ###################################### ...
R/fit_Tweedieverse.R#L17   # Set the formula default to all fixed ...
R/fit_Tweedieverse.R#L18   ###################################### ...
R/fit_Tweedieverse.R#L19    ...
R/fit_Tweedieverse.R#L20   if ("offset" %in% colnames(metadata))  ...
R/fit_Tweedieverse.R#L23       formula <- ...
R/fit_Tweedieverse.R#L26       formula <- update(formula, . ~ . - ...
R/fit_Tweedieverse.R#L27   } else{ ...
R/fit_Tweedieverse.R#L29       formula <- ...
R/fit_Tweedieverse.R#L31   } ...
R/fit_Tweedieverse.R#L32    ...
R/fit_Tweedieverse.R#L33    ...
R/fit_Tweedieverse.R#L34   ###################################### ...
R/fit_Tweedieverse.R#L35   # Call per-feature base models and ret ...
R/fit_Tweedieverse.R#L36   ###################################### ...
R/fit_Tweedieverse.R#L37    ...
R/fit_Tweedieverse.R#L38   if (base_model != "CPLM") { ...
R/fit_Tweedieverse.R#L40   } ...
R/fit_Tweedieverse.R#L42   fit <- fit.CPLM( ...
R/fit_Tweedieverse.R#L55   ) ...
R/fit_Tweedieverse.R#L56   return(fit) ...
R/utilities.R#L2    ...
R/utilities.R#L3   ######################## ...
R/utilities.R#L4   # Flag invalid options # ...
R/utilities.R#L5   ######################## ...
R/utilities.R#L6    ...
R/utilities.R#L7   if (!inherits(fit, c("cpglm", "glmmTMB ...
R/utilities.R#L9   } ...
R/utilities.R#L10    ...
R/utilities.R#L11   ###################### ...
R/utilities.R#L12   #  Initialize AICtab # ...
R/utilities.R#L13   ###################### ...
R/utilities.R#L14    ...
R/utilities.R#L15   AICtab<-rep(NA, 5) ...
R/utilities.R#L16    ...
R/utilities.R#L17   ########################### ...
R/utilities.R#L18   # Case-by-Case Extraction # ...
R/utilities.R#L19   ########################### ...
R/utilities.R#L20    ...
R/utilities.R#L21   if (inherits(fit, "cpglm")) { ...
R/utilities.R#L37   } ...
R/utilities.R#L38    ...
R/utilities.R#L39   if (inherits(fit, "glmmTMB")) { ...
R/utilities.R#L47   } ...
R/utilities.R#L48    ...
R/utilities.R#L49   ########## ...
R/utilities.R#L50   # Return # ...
R/utilities.R#L51   ########## ...
R/utilities.R#L52    ...
R/utilities.R#L53   names(AICtab)<-c('AIC', 'BIC', 'logLik ...
R/utilities.R#L54   return(AICtab) ...
R/utilities.R#L72   #if(all(is.na(target)))  0  ...
R/utilities.R#L73   freq <- table(target)/length(target) ...
R/utilities.R#L74   # vectorize ...
R/utilities.R#L75   vec <- as.data.frame(freq)[,2] ...
R/utilities.R#L76   #drop 0 to avoid NaN resulting from lo ...
R/utilities.R#L77   vec<-vec[vec>0] ...
R/utilities.R#L78   #compute entropy ...
R/utilities.R#L79   -sum(vec * log2(vec)) ...
R/utilities.R#L83   #Strip out rows where feature is NA ...
R/utilities.R#L84   data<-data[!is.na(data[,feature]),] ...
R/utilities.R#L85   #compute entropy for the parent ...
R/utilities.R#L86   e0<-entropy(data[,target]) ...
R/utilities.R#L87    ...
R/utilities.R#L88   data$bin<-cut(data[,feature], breaks = ...
R/utilities.R#L89    ...
R/utilities.R#L90   #use dplyr to compute e and p for each ...
R/utilities.R#L91   dd_data <- data %>% dplyr::group_by(bi ...
R/utilities.R#L96   ) ...
R/utilities.R#L97    ...
R/utilities.R#L98   #calculate p for each value of feature ...
R/utilities.R#L99   dd_data$p<-dd_data$n/nrow(data) ...
R/utilities.R#L100   #compute IG ...
R/utilities.R#L101   IG<-e0-sum(dd_data$p*dd_data$e) ...
R/utilities.R#L102    ...
R/utilities.R#L103   return(IG) ...
R/utilities.R#L110   #Strip out rows where feature is NA ...
R/utilities.R#L111   data<-data[!is.na(data[,feature]),]  ...
R/utilities.R#L112   #use dplyr to compute e and p for each ...
R/utilities.R#L113   dd_data <- data %>% dplyr::group_by_at ...
R/utilities.R#L116   ) ...
R/utilities.R#L117    ...
R/utilities.R#L118   #compute entropy for the parent ...
R/utilities.R#L119   e0<-entropy(data[,target]) ...
R/utilities.R#L120   #calculate p for each value of feature ...
R/utilities.R#L121   dd_data$p<-dd_data$n/nrow(data) ...
R/utilities.R#L122   #compute IG ...
R/utilities.R#L123   IG<-e0-sum(dd_data$p*dd_data$e) ...
R/utilities.R#L124    ...
R/utilities.R#L125   return(IG) ...
R/utilities.R#L149   utils::read.delim( ...
R/utilities.R#L157   ) ...
R/utilities.R#L161   if (is.null(overrides)) { ...
R/utilities.R#L163   } ...
R/utilities.R#L164   if (!is.list(overrides)) { ...
R/utilities.R#L166   } ...
R/utilities.R#L167   utils::modifyList(defaults, overrides, ...
R/utilities.R#L171   if (is.null(method_args)) { ...
R/utilities.R#L173   } ...
R/utilities.R#L174   if (!is.list(method_args)) { ...
R/utilities.R#L176   } ...
R/utilities.R#L178   candidates <- c(method, tolower(method ...
R/utilities.R#L179   for (candidate in candidates) { ...
R/utilities.R#L181       if (!is.list(method_args[[candidat ...
R/utilities.R#L183       } ...
R/utilities.R#L184       return(method_args[[candidate]]) ...
R/utilities.R#L186   } ...
R/utilities.R#L188   list() ...
R/utilities.R#L192   if (is.null(effects)) { ...
R/utilities.R#L194   } ...
R/utilities.R#L196   effects <- as.character(effects) ...
R/utilities.R#L197   if (any(grepl(",", effects, fixed = TR ...
R/utilities.R#L199       "fixed_effects and random_effects  ...
R/utilities.R#L200       "Use c(\"diagnosis\", \"antibiotic ...
R/utilities.R#L202   } ...
R/utilities.R#L203   effects <- trimws(effects) ...
R/utilities.R#L204   effects[nzchar(effects)] ...
R/utilities.R#L208                                   transf ...
R/utilities.R#L209                                   pseudo ...
R/utilities.R#L210   transform <- toupper(transform) ...
R/utilities.R#L211   if (transform == "NONE") { ...
R/utilities.R#L213   } ...
R/utilities.R#L215   x <- as.matrix(features) ...
R/utilities.R#L216   storage.mode(x) <- "numeric" ...
R/utilities.R#L217   if (any(!is.finite(x), na.rm = TRUE))  ...
R/utilities.R#L219   } ...
R/utilities.R#L221   if (transform == "CLR") { ...
R/utilities.R#L223       stop("CLR transformation requires  ...
R/utilities.R#L226       stop("CLR transformation requires  ...
R/utilities.R#L230   } else if (transform == "RCLR") { ...
R/utilities.R#L232       stop("RCLR transformation requires ...
R/utilities.R#L235       positive <- row > 0 ...
R/utilities.R#L236       if (!any(positive)) { ...
R/utilities.R#L238       } ...
R/utilities.R#L239       out <- rep(0, length(row)) ...
R/utilities.R#L240       logged <- log(row[positive]) ...
R/utilities.R#L241       out[positive] <- logged - mean(log ...
R/utilities.R#L242       out ...
R/utilities.R#L244   } else if (transform == "LOG") { ...
R/utilities.R#L246       stop("LOG transformation requires  ...
R/utilities.R#L249   } else if (transform == "ARC_SIGNED_SQ ...
R/utilities.R#L251   } else { ...
R/utilities.R#L253   } ...
R/utilities.R#L255   z <- as.data.frame(z) ...
R/utilities.R#L256   rownames(z) <- rownames(features) ...
R/utilities.R#L257   colnames(z) <- colnames(features) ...
R/utilities.R#L258   z ...
R/utilities.R#L262   list( ...
R/utilities.R#L267       "SummarizedExperiment", ...
R/utilities.R#L268       "SingleCellExperiment", ...
R/utilities.R#L269       "TreeSummarizedExperiment" ...
R/utilities.R#L271   ) ...
R/utilities.R#L275   allowed <- domain_bioc_container_map() ...
R/utilities.R#L276   if (is.null(allowed)) { ...
R/utilities.R#L278   } ...
R/utilities.R#L280   if (!inherits(input, allowed)) { ...
R/utilities.R#L282       sprintf( ...
R/utilities.R#L286       ) ...
R/utilities.R#L288   } ...
R/utilities.R#L289   invisible(TRUE) ...
R/utilities.R#L293    ...
R/utilities.R#L294   # Extract assay name based on the user ...
R/utilities.R#L295   if (assay_name %in% SummarizedExperime ...
R/utilities.R#L299   } else { ...
R/utilities.R#L302   } ...
R/utilities.R#L306   inherits(input, "MultiAssayExperiment" ...
R/utilities.R#L310   if (!requireNamespace("MultiAssayExper ...
R/utilities.R#L312       "MultiAssayExperiment input requir ...
R/utilities.R#L313       "Please install it or provide a si ...
R/utilities.R#L315   } ...
R/utilities.R#L316   experiments <- MultiAssayExperiment::e ...
R/utilities.R#L317   if (length(experiments) == 0L) { ...
R/utilities.R#L319   } ...
R/utilities.R#L320   experiments ...
R/utilities.R#L324   if (!is.null(input_metadata)) { ...
R/utilities.R#L326       return(read_input_table(input_meta ...
R/utilities.R#L329   } ...
R/utilities.R#L330   metadata <- as.data.frame(SummarizedEx ...
R/utilities.R#L331   if (nrow(metadata) == 0L) { ...
R/utilities.R#L333       "MultiAssayExperiment input needs  ...
R/utilities.R#L334       "Provide input_metadata or populat ...
R/utilities.R#L336   } ...
R/utilities.R#L337   metadata ...
R/utilities.R#L341   valid_classes <- unique(unlist(domain_ ...
R/utilities.R#L342   if (inherits(experiment, valid_classes ...
R/utilities.R#L344   } ...
R/utilities.R#L345   stop( ...
R/utilities.R#L347       "MultiAssayExperiment experiment o ...
R/utilities.R#L348       class(experiment)[1] ...
R/utilities.R#L350   ) ...
R/utilities.R#L354                                    omics ...
R/utilities.R#L355                                    omics ...
R/utilities.R#L356                                    arg_n ...
R/utilities.R#L357                                    allow ...
R/utilities.R#L358   if (is.null(value)) { ...
R/utilities.R#L360   } ...
R/utilities.R#L362   if (is.list(value)) { ...
R/utilities.R#L365       return(value[[omics_name]]) ...
R/utilities.R#L368       if (allow_null_element) { ...
R/utilities.R#L370       } ...
R/utilities.R#L371       stop(sprintf("No value supplied fo ...
R/utilities.R#L374       return(value[[match(omics_name, om ...
R/utilities.R#L377   } ...
R/utilities.R#L379   value_names <- names(value) ...
R/utilities.R#L380   if (!is.null(value_names) && omics_nam ...
R/utilities.R#L382   } ...
R/utilities.R#L383   if (!is.null(value_names) && any(value ...
R/utilities.R#L385   } ...
R/utilities.R#L387   value ...
R/utilities.R#L425   if (!is.null(method_args) && !is.null( ...
R/utilities.R#L427   } ...
R/utilities.R#L428   if (is.null(method_args)) { ...
R/utilities.R#L430   } ...
R/utilities.R#L432   experiments <- extract_multiassay_expe ...
R/utilities.R#L433   omics_names <- names(experiments) ...
R/utilities.R#L434   if (is.null(omics_names) || any(omics_ ...
R/utilities.R#L437   } ...
R/utilities.R#L438   metadata <- extract_multiassay_metadat ...
R/utilities.R#L440   results <- lapply(omics_names, functio ...
R/utilities.R#L444       omics_output <- file.path(output,  ...
R/utilities.R#L448       input_features = experiment, ...
R/utilities.R#L449       input_metadata = metadata, ...
R/utilities.R#L450       output = omics_output, ...
R/utilities.R#L451       assay_name = resolve_multiomics_ar ...
R/utilities.R#L452       abd_threshold = resolve_multiomics ...
R/utilities.R#L453       prev_threshold = resolve_multiomic ...
R/utilities.R#L454       var_threshold = resolve_multiomics ...
R/utilities.R#L455       entropy_threshold = resolve_multio ...
R/utilities.R#L456       base_model = resolve_multiomics_ar ...
R/utilities.R#L457       link = resolve_multiomics_arg(link ...
R/utilities.R#L458       tweedie_p = resolve_multiomics_arg ...
R/utilities.R#L459       p0_transform = resolve_multiomics_ ...
R/utilities.R#L460       p0_transform_pseudocount = resolve ...
R/utilities.R#L461       fixed_effects = resolve_multiomics ...
R/utilities.R#L462       random_effects = resolve_multiomic ...
R/utilities.R#L463       domain = resolve_multiomics_arg(do ...
R/utilities.R#L464       normalization = resolve_multiomics ...
R/utilities.R#L465       adjust_offset = resolve_multiomics ...
R/utilities.R#L466       scale_factor = resolve_multiomics_ ...
R/utilities.R#L467       max_significance = resolve_multiom ...
R/utilities.R#L468       correction = resolve_multiomics_ar ...
R/utilities.R#L469       Maaslin2_run = resolve_multiomics_ ...
R/utilities.R#L470       median_comparison = resolve_multio ...
R/utilities.R#L471       median_subtraction = resolve_multi ...
R/utilities.R#L472       run_presence_absence_model = resol ...
R/utilities.R#L473       method_args = resolve_multiomics_a ...
R/utilities.R#L474       standardize = resolve_multiomics_a ...
R/utilities.R#L475       cores = resolve_multiomics_arg(cor ...
R/utilities.R#L476       optimizer = resolve_multiomics_arg ...
R/utilities.R#L477       na.action = na.action, ...
R/utilities.R#L478       plot_heatmap = resolve_multiomics_ ...
R/utilities.R#L479       plot_scatter = resolve_multiomics_ ...
R/utilities.R#L480       heatmap_first_n = resolve_multiomi ...
R/utilities.R#L481       reference = resolve_multiomics_arg ...
R/utilities.R#L486   }) ...
R/utilities.R#L487   names(results) <- omics_names ...
R/utilities.R#L488   class(results) <- c("TweedieverseMulti ...
R/utilities.R#L489   results ...
R/utilities.R#L493                                          ...
R/utilities.R#L494                                          ...
R/utilities.R#L495   if (!is.null(scale_factor)) { ...
R/utilities.R#L497   } ...
R/utilities.R#L499   defaults <- c( ...
R/utilities.R#L504   ) ...
R/utilities.R#L506   if (is.null(normalization)) { ...
R/utilities.R#L508   } ...
R/utilities.R#L510   normalization <- toupper(normalization ...
R/utilities.R#L511   if (normalization == "DESEQ2") { ...
R/utilities.R#L513   } ...
R/utilities.R#L515   all_choices <- c("TSS", "GMPR", "CSS", ...
R/utilities.R#L516   if (!normalization %in% all_choices) { ...
R/utilities.R#L518       sprintf("normalization must be one ...
R/utilities.R#L520   } ...
R/utilities.R#L522   domain_choices <- switch( ...
R/utilities.R#L528   ) ...
R/utilities.R#L529   if (!normalization %in% domain_choices ...
R/utilities.R#L531       sprintf( ...
R/utilities.R#L536       ) ...
R/utilities.R#L538   } ...
R/utilities.R#L540   normalization ...
R/utilities.R#L544   size_factor <- as.numeric(size_factor) ...
R/utilities.R#L545   if (any(!is.finite(size_factor)) || an ...
R/utilities.R#L547   } ...
R/utilities.R#L548   if (any(size_factor <= 0)) { ...
R/utilities.R#L550   } ...
R/utilities.R#L551   size_factor ...
R/utilities.R#L555   size_factor <- validate_tweedieverse_s ...
R/utilities.R#L556   gm <- exp(mean(log(size_factor))) ...
R/utilities.R#L557   size_factor / gm ...
R/utilities.R#L561                                          ...
R/utilities.R#L562                                          ...
R/utilities.R#L563                                          ...
R/utilities.R#L564   if (!is.null(scale_factor)) { ...
R/utilities.R#L566       stop( ...
R/utilities.R#L568           "The specified scale_factor va ...
R/utilities.R#L569           scale_factor ...
R/utilities.R#L571       ) ...
R/utilities.R#L574   } ...
R/utilities.R#L576   normalization <- toupper(normalization ...
R/utilities.R#L577   if (normalization == "NONE") { ...
R/utilities.R#L579   } ...
R/utilities.R#L581   x <- as.matrix(features) ...
R/utilities.R#L582   storage.mode(x) <- "numeric" ...
R/utilities.R#L584   if (any(!is.finite(x), na.rm = TRUE))  ...
R/utilities.R#L586   } ...
R/utilities.R#L588   if (normalization %in% c("TSS", "CPM") ...
R/utilities.R#L590       stop(sprintf("%s size factors requ ...
R/utilities.R#L593   } ...
R/utilities.R#L595   if (normalization == "MEDIAN") { ...
R/utilities.R#L597       vals <- row[is.finite(row) & !is.n ...
R/utilities.R#L598       if (length(vals) == 0L) { ...
R/utilities.R#L600       } ...
R/utilities.R#L601       stats::median(vals) ...
R/utilities.R#L604   } ...
R/utilities.R#L606   if (any(x < 0, na.rm = TRUE)) { ...
R/utilities.R#L608   } ...
R/utilities.R#L610   if (normalization == "RLE") { ...
R/utilities.R#L612   } ...
R/utilities.R#L614   if (normalization == "GMPR") { ...
R/utilities.R#L616   } ...
R/utilities.R#L618   if (normalization == "CSS") { ...
R/utilities.R#L620   } ...
R/utilities.R#L622   if (normalization == "TMM") { ...
R/utilities.R#L624   } ...
R/utilities.R#L626   if (normalization == "SCRAN") { ...
R/utilities.R#L628   } ...
R/utilities.R#L630   stop(sprintf("Unsupported normalizatio ...
R/utilities.R#L634   geom_means <- apply(x, 2, function(col ...
R/utilities.R#L637       return(NA_real_) ...
R/utilities.R#L640   }) ...
R/utilities.R#L641   keep <- is.finite(geom_means) & geom_m ...
R/utilities.R#L642   if (!any(keep)) { ...
R/utilities.R#L644   } ...
R/utilities.R#L645   ratios <- sweep(x[, keep, drop = FALSE ...
R/utilities.R#L646   ratios[ratios <= 0] <- NA_real_ ...
R/utilities.R#L647   size_factor <- apply(ratios, 1, stats: ...
R/utilities.R#L648   center_tweedieverse_size_factor(size_f ...
R/utilities.R#L652   n_samples <- nrow(x) ...
R/utilities.R#L653   ratios <- matrix(NA_real_, n_samples,  ...
R/utilities.R#L654   for (i in seq_len(n_samples)) { ...
R/utilities.R#L656       if (i == j) { ...
R/utilities.R#L658       } ...
R/utilities.R#L659       shared <- x[i, ] > 0 & x[j, ] > 0 ...
R/utilities.R#L660       if (any(shared)) { ...
R/utilities.R#L662       } ...
R/utilities.R#L664   } ...
R/utilities.R#L665   size_factor <- apply(ratios, 1, functi ...
R/utilities.R#L668       return(NA_real_) ...
R/utilities.R#L671   }) ...
R/utilities.R#L672   center_tweedieverse_size_factor(size_f ...
R/utilities.R#L676   positive_values <- x[x > 0] ...
R/utilities.R#L677   if (length(positive_values) == 0L) { ...
R/utilities.R#L679   } ...
R/utilities.R#L680   threshold <- as.numeric(stats::quantil ...
R/utilities.R#L681   size_factor <- rowSums(ifelse(x <= thr ...
R/utilities.R#L682   center_tweedieverse_size_factor(size_f ...
R/utilities.R#L686   if (!requireNamespace("edgeR", quietly ...
R/utilities.R#L688   } ...
R/utilities.R#L689   counts <- t(x) ...
R/utilities.R#L690   dge <- edgeR::DGEList(counts = counts) ...
R/utilities.R#L691   dge <- edgeR::calcNormFactors(dge, met ...
R/utilities.R#L692   size_factor <- dge$samples$lib.size *  ...
R/utilities.R#L693   center_tweedieverse_size_factor(size_f ...
R/utilities.R#L697   if (!requireNamespace("scran", quietly ...
R/utilities.R#L698       !requireNamespace("SingleCellExper ...
R/utilities.R#L700   } ...
R/utilities.R#L701   sce <- SingleCellExperiment::SingleCel ...
R/utilities.R#L702   sce <- scran::computeSumFactors(sce) ...
R/utilities.R#L703   size_factor <- SingleCellExperiment::s ...
R/utilities.R#L704   center_tweedieverse_size_factor(size_f ...
R/utilities.R#L772                                       p_ ...
R/utilities.R#L773                                       su ...
R/utilities.R#L774                                       n_ ...
R/utilities.R#L775                                       me ...
R/utilities.R#L776   # df is your Tweedieverse output data. ...
R/utilities.R#L777   #   taxon, metadata, effect_size, pval ...
R/utilities.R#L778   # ...
R/utilities.R#L779   # We'll store results here: ...
R/utilities.R#L780   df$pval_median <- NA_real_ ...
R/utilities.R#L781   df$coef_median <- df$effect_size  # By ...
R/utilities.R#L782    ...
R/utilities.R#L783   # Process each metadata variable separ ...
R/utilities.R#L784   for (md in unique(df$metadata)) { ...
R/utilities.R#L792       # If none are usable, move on ...
R/utilities.R#L793       next ...
R/utilities.R#L799       # If no valid median, skip ...
R/utilities.R#L800       next ...
R/utilities.R#L805       sub_df$coef_median <- sub_df$effec ...
R/utilities.R#L807       sub_df$coef_median <- sub_df$effec ...
R/utilities.R#L821       sim_coefs   <- stats::rnorm(n_coef ...
R/utilities.R#L822       sim_median  <- stats::median(sim_c ...
R/utilities.R#L823       c(sim_median, sim_coefs) ...
R/utilities.R#L836       sqrt( (ses^2) / ( ses^2 + median_s ...
R/utilities.R#L845       if (abs(coefs[i] - cur_median) < m ...
R/utilities.R#L848       } else if (is.na(coefs[i]) || is.n ...
R/utilities.R#L850       } else { ...
R/utilities.R#L854       } ...
R/utilities.R#L860   } ...
R/utilities.R#L861    ...
R/utilities.R#L862   # Return the augmented data ...
R/utilities.R#L863   return(df) ...
R/utilities.R#L867   pvals <- ifelse(is.na(pvals), 1, pvals ...
R/utilities.R#L869   if (any(pvals < 0 | pvals > 1)) { ...
R/utilities.R#L871   } ...
R/utilities.R#L873   if (any(pvals == 0) && any(pvals == 1) ...
R/utilities.R#L875   } ...
R/utilities.R#L876   if (any(pvals == 0)) { ...
R/utilities.R#L878   } ...
R/utilities.R#L879   if (any(pvals == 1)) { ...
R/utilities.R#L881   } ...
R/utilities.R#L883   if (is.null(weights)) { ...
R/utilities.R#L885   } else if (length(weights) != length(p ...
R/utilities.R#L887   } else if (any(weights < 0)) { ...
R/utilities.R#L889   } else { ...
R/utilities.R#L891   } ...
R/utilities.R#L893   is_small <- pvals < 1e-16 ...
R/utilities.R#L894   if (!any(is_small)) { ...
R/utilities.R#L896   } else { ...
R/utilities.R#L899       sum(weights[!is_small] * tan((0.5  ...
R/utilities.R#L900   } ...
R/utilities.R#L902   if (cct_stat > 1e15) { ...
R/utilities.R#L904   } ...
R/utilities.R#L905   1 - stats::pcauchy(cct_stat) ...
R/utilities.R#L909   if (ncol(mat) == 1L) { ...
R/utilities.R#L911   } ...
R/utilities.R#L912   apply(mat, 1L, function(pv) tweediever ...
R/utilities.R#L916   rhs_formula <- stats::delete.response( ...
R/utilities.R#L917   n_predictors <- ncol(stats::model.matr ...
R/utilities.R#L918   n_predictors / (2 * nrow(data)) ...
R/utilities.R#L922                                   data, ...
R/utilities.R#L923                                   respon ...
R/utilities.R#L924                                   weight ...
R/utilities.R#L925   n_samples <- nrow(data) ...
R/utilities.R#L926   if (is.null(weights)) { ...
R/utilities.R#L928   } ...
R/utilities.R#L929   if (length(weights) != n_samples) { ...
R/utilities.R#L931   } ...
R/utilities.R#L933   augmentation_weight <- presence_augmen ...
R/utilities.R#L934   data_zero <- data ...
R/utilities.R#L935   data_one <- data ...
R/utilities.R#L936   data_zero[[response]] <- 0L ...
R/utilities.R#L937   data_one[[response]] <- 1L ...
R/utilities.R#L939   list( ...
R/utilities.R#L942       weights, ...
R/utilities.R#L943       rep(augmentation_weight, n_samples ...
R/utilities.R#L944       rep(augmentation_weight, n_samples ...
R/utilities.R#L946   ) ...
R/utilities.R#L950                                          ...
R/utilities.R#L951                                          ...
R/utilities.R#L952                                          ...
R/utilities.R#L953                                          ...
R/utilities.R#L954   augmented <- augment_presence_data(for ...
R/utilities.R#L955   model_offset <- NULL ...
R/utilities.R#L956   if (!is.null(offset)) { ...
R/utilities.R#L958       stop("offset must have length equa ...
R/utilities.R#L961   } ...
R/utilities.R#L963   fit_fun <- if (has_random_effects) glm ...
R/utilities.R#L964   args <- list( ...
R/utilities.R#L970   ) ...
R/utilities.R#L971   if (!is.null(model_offset)) { ...
R/utilities.R#L973   } ...
R/utilities.R#L975   withCallingHandlers( ...
R/utilities.R#L978       if (grepl("non-integer #successes  ...
R/utilities.R#L982       } ...
R/utilities.R#L984   ) ...
R/utilities.R#L988                                        m ...
R/utilities.R#L989                                        f ...
R/utilities.R#L990                                        r ...
R/utilities.R#L991                                        c ...
R/utilities.R#L992                                        c ...
R/utilities.R#L993                                        n ...
R/utilities.R#L994   if (!is.null(random_effects_formula) & ...
R/utilities.R#L995       !requireNamespace("glmmTMB", quiet ...
R/utilities.R#L997   } ...
R/utilities.R#L999   presence_formula <- formula ...
R/utilities.R#L1000   has_random_effects <- !is.null(random_ ...
R/utilities.R#L1001   if (has_random_effects) { ...
R/utilities.R#L1004       paste(". ~", paste(fixed_terms, co ...
R/utilities.R#L1006   } ...
R/utilities.R#L1008   log_offset <- NULL ...
R/utilities.R#L1009   if ("offset" %in% colnames(metadata))  ...
R/utilities.R#L1011   } ...
R/utilities.R#L1012   metadata_names <- setdiff(colnames(met ...
R/utilities.R#L1014   cluster <- NULL ...
R/utilities.R#L1015   if (cores > 1) { ...
R/utilities.R#L1019       cluster, ...
R/utilities.R#L1020       c( ...
R/utilities.R#L1030       ), ...
R/utilities.R#L1031       envir = environment() ...
R/utilities.R#L1033   } ...
R/utilities.R#L1035   outputs <- pbapply::pblapply(seq_len(n ...
R/utilities.R#L1040       para <- as.data.frame(matrix(NA_re ...
R/utilities.R#L1041       para$name <- metadata_names ...
R/utilities.R#L1043       fit <- try( ...
R/utilities.R#L1045           formula = presence_formula, ...
R/utilities.R#L1046           data = data_sub, ...
R/utilities.R#L1047           has_random_effects = has_rando ...
R/utilities.R#L1048           offset = log_offset, ...
R/utilities.R#L1049           na.action = na.action ...
R/utilities.R#L1052       ) ...
R/utilities.R#L1054       if (!inherits(fit, "try-error")) { ...
R/utilities.R#L1056           summary(fit)$coefficients$cond ...
R/utilities.R#L1058           stats::coef(summary(fit)) ...
R/utilities.R#L1062           para <- as.data.frame(summary_ ...
R/utilities.R#L1063           para$base.model <- "Presence-a ...
R/utilities.R#L1064           para$tweedie.index <- NA_real_ ...
R/utilities.R#L1065           para$name <- rownames(summary_ ...
R/utilities.R#L1067           para <- as.data.frame(matrix(N ...
R/utilities.R#L1068           para$name <- metadata_names ...
R/utilities.R#L1070       } else { ...
R/utilities.R#L1073       } ...
R/utilities.R#L1079   }) ...
R/utilities.R#L1081   if (!is.null(cluster)) { ...
R/utilities.R#L1083   } ...
R/utilities.R#L1085   paras <- do.call(rbind, outputs) ...
R/utilities.R#L1086   paras$qval <- as.numeric(stats::p.adju ...
R/utilities.R#L1088   metadata_names_ordered <- metadata_nam ...
R/utilities.R#L1089   extract_metadata_name <- function(name ...
R/utilities.R#L1092       return(name) ...
R/utilities.R#L1095   } ...
R/utilities.R#L1096   paras$metadata <- unlist(lapply(paras$ ...
R/utilities.R#L1097   paras$value <- mapply(function(x, y) { ...
R/utilities.R#L1099       x ...
R/utilities.R#L1101       gsub(x, "", y) ...
R/utilities.R#L1103   }, paras$metadata, paras$name) ...
R/utilities.R#L1104   paras <- paras[order(paras$qval, decre ...
R/utilities.R#L1105   paras <- dplyr::select(paras, c("featu ...
R/utilities.R#L1106   paras <- dplyr::select(paras, -name) ...
R/utilities.R#L1107   rownames(paras) <- NULL ...
R/utilities.R#L1108   paras ...
R/utilities.R#L1112                                          ...
R/utilities.R#L1113                                          ...
R/utilities.R#L1114   abundance_keep <- dplyr::select( ...
R/utilities.R#L1125   ) ...
R/utilities.R#L1126   presence_keep <- dplyr::select( ...
R/utilities.R#L1136   ) ...
R/utilities.R#L1138   combined <- dplyr::left_join( ...
R/utilities.R#L1142   ) ...
R/utilities.R#L1143   pmat <- as.matrix(combined[, c("pval_a ...
R/utilities.R#L1144   combined$pval <- tweedieverse_cct_rows ...
R/utilities.R#L1145   combined$qval <- as.numeric(stats::p.a ...
R/utilities.R#L1146   combined$coef <- combined$coef_abundan ...
R/utilities.R#L1147   combined$stderr <- combined$stderr_abu ...
R/utilities.R#L1148   combined$base.model <- "CCT" ...
R/utilities.R#L1149   combined <- dplyr::select( ...
R/utilities.R#L1170   ) ...
R/utilities.R#L1171   rownames(combined) <- NULL ...
R/utilities.R#L1172   combined ...
R/viz.R#L40   cowplot::theme_cowplot(), ...
R/viz.R#L41   ggplot2::theme( ...
R/viz.R#L68   ) ...
R/viz.R#L72   if (is.null(plot_object)) { ...
R/viz.R#L74   } ...
R/viz.R#L75   if (inherits(plot_object, "ggplot")) { ...
R/viz.R#L77   } else if (!is.null(plot_object$gtable ...
R/viz.R#L79   } else { ...
R/viz.R#L81   } ...
R/viz.R#L115   function(output_results, ...
R/viz.R#L116            title = NA, ...
R/viz.R#L117            cell_value = 'qval', ...
R/viz.R#L118            data_label = 'data', ...
R/viz.R#L119            metadata_label = 'metadata', ...
R/viz.R#L120            border_color = 'grey93', ...
R/viz.R#L121            color = colorRampPalette(c("d ...
R/viz.R#L122            col_rotate = 90, ...
R/viz.R#L123            first_n = 50, ...
R/viz.R#L124            write_to = NA) { ...
R/viz.R#L127       df <- read.table( ...
R/viz.R#L134       ) ...
R/viz.R#L136       df <- output_results ...
R/viz.R#L143       if (cell_value == 'coef') { ...
R/viz.R#L145       } else{ ...
R/viz.R#L147       } ...
R/viz.R#L148       # get the top n features with sign ...
R/viz.R#L149       df_sub <- df[seq_len(first_n), , d ...
R/viz.R#L150       for (first_n_index in seq(first_n, ...
R/viz.R#L151       { ...
R/viz.R#L154           break ...
R/viz.R#L157       } ...
R/viz.R#L158       # get all rows that have the top N ...
R/viz.R#L159       df <- df[which(df$feature %in% df_ ...
R/viz.R#L160       title_additional <- paste("Top", f ...
R/viz.R#L164       message("There are no associations ...
R/viz.R#L165       return(NULL) ...
R/viz.R#L176       value <- -log(df$pval) * sign(df$c ...
R/viz.R#L177       value <- pmax(-20, pmin(20, value) ...
R/viz.R#L178       if (is.null(title)) ...
R/viz.R#L181       value <- -log(df$qval) * sign(df$c ...
R/viz.R#L182       value <- pmax(-20, pmin(20, value) ...
R/viz.R#L183       if (is.null(title)) ...
R/viz.R#L186       value <- df$coef ...
R/viz.R#L187       if (is.null(title)) ...
R/viz.R#L192       title <- ...
R/viz.R#L194               "features with significant ...
R/viz.R#L195               title, ...
R/viz.R#L196               sep = " ") ...
R/viz.R#L198       title <- paste("Significant associ ...
R/viz.R#L205       levels <- unique(df$value[df$metad ...
R/viz.R#L206       if (length(levels) > 1) { ...
R/viz.R#L209           verbose_metadata <- c(verbose_ ...
R/viz.R#L211       } else { ...
R/viz.R#L213       } ...
R/viz.R#L220       message( ...
R/viz.R#L224       ) ...
R/viz.R#L225       return(NULL) ...
R/viz.R#L229       message( ...
R/viz.R#L233       ) ...
R/viz.R#L234       return(NULL) ...
R/viz.R#L244       current_metadata <- metadata[i] ...
R/viz.R#L245       if (current_metadata %in% metadata ...
R/viz.R#L247       } ...
R/viz.R#L248       if (abs(a[as.character(data[i]), ...
R/viz.R#L251       a[as.character(data[i]), as.charac ...
R/viz.R#L263       p <- ...
R/viz.R#L265           a, ...
R/viz.R#L266           cellwidth = 5, ...
R/viz.R#L267           cellheight = 5, ...
R/viz.R#L268           # changed to 3 ...
R/viz.R#L269           main = title, ...
R/viz.R#L270           fontsize = 6, ...
R/viz.R#L271           kmeans_k = NA, ...
R/viz.R#L272           border = TRUE, ...
R/viz.R#L273           show_rownames = TRUE, ...
R/viz.R#L274           show_colnames = TRUE, ...
R/viz.R#L275           scale = "none", ...
R/viz.R#L276           cluster_rows = FALSE, ...
R/viz.R#L277           cluster_cols = TRUE, ...
R/viz.R#L278           clustering_distance_rows = "eu ...
R/viz.R#L279           clustering_distance_cols = "eu ...
R/viz.R#L280           legend = TRUE, ...
R/viz.R#L281           border_color = border_color, ...
R/viz.R#L282           color = color(range_value * 2) ...
R/viz.R#L283           breaks = breaks, ...
R/viz.R#L284           treeheight_row = 0, ...
R/viz.R#L285           treeheight_col = 0, ...
R/viz.R#L286           display_numbers = matrix(ifels ...
R/viz.R#L289       logging::logerror("Unable to plot  ...
R/viz.R#L290       logging::logerror(err) ...
R/viz.R#L293       saveRDS(p, file = paste(write_to,  ...
R/viz.R#L295   } ...
R/viz.R#L298   function(results_file, ...
R/viz.R#L299            heatmap_file, ...
R/viz.R#L300            figures_folder, ...
R/viz.R#L301            title = NULL, ...
R/viz.R#L302            cell_value = "qval", ...
R/viz.R#L303            data_label = 'data', ...
R/viz.R#L304            metadata_label = 'metadata', ...
R/viz.R#L305            border_color = "grey93", ...
R/viz.R#L306            color = colorRampPalette(c("b ...
R/viz.R#L307            first_n = 50) { ...
R/viz.R#L310       Tweedieverse_heatmap( ...
R/viz.R#L320       ) ...
R/viz.R#L323       pdf(heatmap_file) ...
R/viz.R#L324       draw_tweedieverse_plot(heatmap) ...
R/viz.R#L325       dev.off() ...
R/viz.R#L327       jpg_file <- file.path(figures_fold ...
R/viz.R#L328       jpeg(jpg_file, ...
R/viz.R#L329            res = 150, ...
R/viz.R#L330            height = 800, ...
R/viz.R#L331            width = 1100) ...
R/viz.R#L332       draw_tweedieverse_plot(heatmap) ...
R/viz.R#L333       dev.off() ...
R/viz.R#L336   } ...
R/viz.R#L339   function(metadata, ...
R/viz.R#L340            features, ...
R/viz.R#L341            output_results, ...
R/viz.R#L342            write_to = './', ...
R/viz.R#L343            figures_folder = './figures/' ...
R/viz.R#L344            max_jpgs = 3) ...
R/viz.R#L345   { ...
R/viz.R#L351       features <- read_input_table(featu ...
R/viz.R#L354       metadata <- read_input_table(metad ...
R/viz.R#L357       intersect(rownames(features), rown ...
R/viz.R#L359       cbind(features[common_rows, , drop ...
R/viz.R#L364       output_df_all <- read.table( ...
R/viz.R#L372       ) ...
R/viz.R#L374       output_df_all <- output_results ...
R/viz.R#L378       message("There are no associations ...
R/viz.R#L379       return(NULL) ...
R/viz.R#L383       paste( ...
R/viz.R#L387       ) ...
R/viz.R#L391       unlist(metadata_types[!duplicated( ...
R/viz.R#L394       max_jpgs <- dim(output_df_all)[1] ...
R/viz.R#L397       # for file name replace any non al ...
R/viz.R#L398       plot_file <- ...
R/viz.R#L400               "/", ...
R/viz.R#L401               gsub("[^[:alnum:]_]", "_", ...
R/viz.R#L402               ".pdf", ...
R/viz.R#L403               sep = "") ...
R/viz.R#L404       data_index <- which(label == metad ...
R/viz.R#L405       saved_ggs <- vector('list', length ...
R/viz.R#L406       logging::loginfo("Plotting data fo ...
R/viz.R#L407                        metadata_number, ...
R/viz.R#L408                        label) ...
R/viz.R#L409       pdf(plot_file, ...
R/viz.R#L410           width = 2.65, ...
R/viz.R#L411           height = 2.5, ...
R/viz.R#L412           onefile = TRUE) ...
R/viz.R#L414       x <- NULL ...
R/viz.R#L415       y <- NULL ...
R/viz.R#L416       count <- 1 ...
R/viz.R#L417       for (i in data_index) { ...
R/viz.R#L421           as.character(output_df_all[i,  ...
R/viz.R#L433           logging::loginfo("Creating sca ...
R/viz.R#L434                            x_label, ...
R/viz.R#L435                            y_label) ...
R/viz.R#L436           temp_plot <- ggplot2::ggplot(d ...
R/viz.R#L437                                        g ...
R/viz.R#L438                                          ...
R/viz.R#L439                                          ...
R/viz.R#L440                                        ) ...
R/viz.R#L442               fill = 'darkolivegreen4', ...
R/viz.R#L443               color = 'black', ...
R/viz.R#L444               alpha = .5, ...
R/viz.R#L445               shape = 21, ...
R/viz.R#L446               size = 1, ...
R/viz.R#L447               stroke = 0.15 ...
R/viz.R#L453               method = "glm", ...
R/viz.R#L454               size = 0.25, ...
R/viz.R#L455               color = 'blue', ...
R/viz.R#L456               na.rm = TRUE ...
R/viz.R#L464               geom = "text", ...
R/viz.R#L465               x = Inf, ...
R/viz.R#L466               y = Inf, ...
R/viz.R#L467               hjust = 1, ...
R/viz.R#L468               vjust = 1, ...
R/viz.R#L469               label = sprintf( ...
R/viz.R#L476               ) , ...
R/viz.R#L477               color = "black", ...
R/viz.R#L478               size = 2, ...
R/viz.R#L479               fontface = "italic" ...
R/viz.R#L482           # if Metadata is categorical g ...
R/viz.R#L483           ### check if the variable is c ...
R/viz.R#L485           logging::loginfo("Creating box ...
R/viz.R#L486                            x_label, ...
R/viz.R#L487                            y_label) ...
R/viz.R#L488           input_df['x'] <- ...
R/viz.R#L491           # count the Ns for each group ...
R/viz.R#L492           x_axis_label_names <- unique(i ...
R/viz.R#L493           renamed_levels <- ...
R/viz.R#L495           if (length(renamed_levels) ==  ...
R/viz.R#L497           } ...
R/viz.R#L498           for (name in x_axis_label_name ...
R/viz.R#L501               paste(name, " (n=", total, ...
R/viz.R#L503               new_n ...
R/viz.R#L505               replace(renamed_levels, re ...
R/viz.R#L506           } ...
R/viz.R#L507           input_df$xnames <- ...
R/viz.R#L509           temp_plot <- ...
R/viz.R#L512               ggplot2::aes(fill = xnames ...
R/viz.R#L513               outlier.alpha = 0.0, ...
R/viz.R#L514               na.rm = TRUE, ...
R/viz.R#L515               alpha = .5, ...
R/viz.R#L516               show.legend = FALSE ...
R/viz.R#L519               ggplot2::aes(fill = xnames ...
R/viz.R#L520               alpha = 0.75 , ...
R/viz.R#L521               size = 1, ...
R/viz.R#L522               shape = 21, ...
R/viz.R#L523               stroke = 0.15, ...
R/viz.R#L524               color = 'black', ...
R/viz.R#L525               show.legend = FALSE, ...
R/viz.R#L526               position = ggplot2::positi ...
R/viz.R#L530           # format the figure to default ...
R/viz.R#L531           # remove legend, add x/y label ...
R/viz.R#L532           temp_plot <- temp_plot + ...
R/viz.R#L535               panel.grid.major = ggplot2 ...
R/viz.R#L536               panel.grid.minor = ggplot2 ...
R/viz.R#L537               panel.background = ggplot2 ...
R/viz.R#L538               axis.line = ggplot2::eleme ...
R/viz.R#L543               geom = "text", ...
R/viz.R#L544               x = Inf, ...
R/viz.R#L545               y = Inf, ...
R/viz.R#L546               hjust = 1, ...
R/viz.R#L547               vjust = 1, ...
R/viz.R#L548               label = sprintf( ...
R/viz.R#L555               ) , ...
R/viz.R#L556               color = "black", ...
R/viz.R#L557               size = 2, ...
R/viz.R#L558               fontface = "italic" ...
R/viz.R#L562           capture.output(draw_tweediever ...
R/viz.R#L564           logging::logdebug(stdout) ...
R/viz.R#L566           saved_plots[[count]] <- temp_p ...
R/viz.R#L569       } ...
R/viz.R#L571       dev.off() ...
R/viz.R#L572       # print the saved figures ...
R/viz.R#L573       for (plot_number in seq_len(max_jp ...
R/viz.R#L575                               paste0(sub ...
R/viz.R#L577                               ), ...
R/viz.R#L578                               "_", ...
R/viz.R#L579                               plot_numbe ...
R/viz.R#L580                               ".jpg")) ...
R/viz.R#L582              res = 300, ...
R/viz.R#L583              width = 960, ...
R/viz.R#L584              height = 960) ...
R/viz.R#L586           capture.output(draw_tweediever ...
R/viz.R#L588       } ...
R/viz.R#L589       saveRDS(saved_ggs, ...
R/viz.R#L590               file = paste(figures_folde ...
R/viz.R#L591                            "/" , ...
R/viz.R#L592                            label, ...
R/viz.R#L593                            "_gg_associat ...
R/viz.R#L594                            sep = "")) ...
R/viz.R#L595       metadata_number <- metadata_number ...
R/viz.R#L598   } ...
R/viz.R#L601   function(output_results, ...
R/viz.R#L602            figures_folder = './figures/' ...
R/viz.R#L603   { ...
R/viz.R#L606       output_df_all <- read.table( ...
R/viz.R#L614       ) ...
R/viz.R#L616       output_df_all <- output_results ...
R/viz.R#L620       message("There are no associations ...
R/viz.R#L621       return(NULL) ...
R/viz.R#L626       paste(figures_folder, ...
R/viz.R#L639       ggplot2::aes(x=tweedie.index))+ ...
R/viz.R#L640       ggplot2::geom_histogram(position = ...
R/viz.R#L641       ggplot2::xlab("Tweedie index") + g ...
R/viz.R#L642       theme_omicsEye() + ...
R/viz.R#L643       ggplot2::theme(legend.justificatio ...
R/viz.R#L644                      legend.position = c ...
R/viz.R#L648       capture.output(draw_tweedieverse_p ...
R/viz.R#L651                       "/tweedie_index_pl ...
R/viz.R#L652                       sep = "") ...
R/viz.R#L654          res = 300, ...
R/viz.R#L655          width = 960, ...
R/viz.R#L656          height = 600) ...
R/viz.R#L658       capture.output(draw_tweedieverse_p ...
R/viz.R#L662                          "/gg_tweedie_in ...
R/viz.R#L663                          sep = "")) ...
R/viz.R#L665   } ...
vignettes/Tweedieverse.Rmd#L42   `MultiAssayExperiment`. ...
vignettes/Tweedieverse.Rmd#L71   install.packages("BiocManager") ...
vignettes/Tweedieverse.Rmd#L81   install.packages("remotes") ...
vignettes/Tweedieverse.Rmd#L105   "extdata", ...
vignettes/Tweedieverse.Rmd#L106   "tweedieverse_data.RData", ...
vignettes/Tweedieverse.Rmd#L107   package = "Tweedieverse" ...
vignettes/Tweedieverse.Rmd#L126   input_features = microbiome_tse, ...
vignettes/Tweedieverse.Rmd#L127   output = NULL, ...
vignettes/Tweedieverse.Rmd#L128   assay_name = "counts", ...
vignettes/Tweedieverse.Rmd#L129   domain = "microbiome", ...
vignettes/Tweedieverse.Rmd#L130   normalization = "NONE", ...
vignettes/Tweedieverse.Rmd#L131   fixed_effects = c("diagnosis", "antibi ...
vignettes/Tweedieverse.Rmd#L132   tweedie_p = NULL, ...
vignettes/Tweedieverse.Rmd#L133   median_comparison = FALSE, ...
vignettes/Tweedieverse.Rmd#L134   cores = 1 ...
vignettes/Tweedieverse.Rmd#L153   input_features = umi_sce, ...
vignettes/Tweedieverse.Rmd#L154   output = NULL, ...
vignettes/Tweedieverse.Rmd#L155   assay_name = "counts", ...
vignettes/Tweedieverse.Rmd#L156   domain = "single_cell", ...
vignettes/Tweedieverse.Rmd#L157   normalization = "SCRAN", ...
vignettes/Tweedieverse.Rmd#L158   fixed_effects = c("condition", "batch" ...
vignettes/Tweedieverse.Rmd#L159   tweedie_p = 1, ...
vignettes/Tweedieverse.Rmd#L160   median_comparison = FALSE, ...
vignettes/Tweedieverse.Rmd#L161   cores = 1 ...
vignettes/Tweedieverse.Rmd#L177   input_features = nonumi_sce, ...
vignettes/Tweedieverse.Rmd#L178   output = NULL, ...
vignettes/Tweedieverse.Rmd#L179   assay_name = "counts", ...
vignettes/Tweedieverse.Rmd#L180   domain = "single_cell", ...
vignettes/Tweedieverse.Rmd#L181   normalization = "SCRAN", ...
vignettes/Tweedieverse.Rmd#L182   fixed_effects = c("condition", "batch" ...
vignettes/Tweedieverse.Rmd#L183   tweedie_p = NULL, ...
vignettes/Tweedieverse.Rmd#L184   median_comparison = FALSE, ...
vignettes/Tweedieverse.Rmd#L185   cores = 1 ...
vignettes/Tweedieverse.Rmd#L203   input_features = franzosa_example_mae, ...
vignettes/Tweedieverse.Rmd#L204   output = NULL, ...
vignettes/Tweedieverse.Rmd#L205   assay_name = "abundance", ...
vignettes/Tweedieverse.Rmd#L206   domain = c( ...
vignettes/Tweedieverse.Rmd#L209   ), ...
vignettes/Tweedieverse.Rmd#L210   normalization = c( ...
vignettes/Tweedieverse.Rmd#L213   ), ...
vignettes/Tweedieverse.Rmd#L214   fixed_effects = c("diseaseCat_clean",  ...
vignettes/Tweedieverse.Rmd#L215   tweedie_p = list( ...
vignettes/Tweedieverse.Rmd#L218   ), ...
vignettes/Tweedieverse.Rmd#L219   median_comparison = FALSE, ...
vignettes/Tweedieverse.Rmd#L220   max_significance = 1, ...
vignettes/Tweedieverse.Rmd#L221   cores = 1 ...
Checking if package already exists in CRAN... OK
Checking for bioc-devel mailing list subscription...
Cannot determine whether maintainer is subscribed to the Bioc-Devel mailing list (requires admin credentials). Subscribe here: https://stat.ethz.ch/mailman/listinfo/bioc-devel
Checking for support site registration... OK
